-- phpMyAdmin SQL Dump
-- version 5.2.0
-- https://www.phpmyadmin.net/
--
-- Host: 127.0.0.1
-- Generation Time: Nov 23, 2022 at 03:45 AM
-- Server version: 10.4.24-MariaDB
-- PHP Version: 8.1.6

SET SQL_MODE = "NO_AUTO_VALUE_ON_ZERO";
START TRANSACTION;
SET time_zone = "+00:00";


/*!40101 SET @OLD_CHARACTER_SET_CLIENT=@@CHARACTER_SET_CLIENT */;
/*!40101 SET @OLD_CHARACTER_SET_RESULTS=@@CHARACTER_SET_RESULTS */;
/*!40101 SET @OLD_COLLATION_CONNECTION=@@COLLATION_CONNECTION */;
/*!40101 SET NAMES utf8mb4 */;

--
-- Database: `sicefa`
--

--
-- Dumping data for table `data`
--

INSERT INTO `data` (`id`, `name`, `deleted_at`, `created_at`, `updated_at`) VALUES
(1, 'Fisicoquímico del suelo', NULL, '2022-11-19 22:35:06', '2022-11-19 22:35:06'),
(2, 'Biota del suelo', NULL, '2022-11-19 22:35:06', '2022-11-19 22:35:06'),
(3, 'Cultivo de cacao', NULL, '2022-11-19 22:35:06', '2022-11-19 22:35:06'),
(4, 'Clima', NULL, '2022-11-19 22:35:06', '2022-11-19 22:35:06');

--
-- Dumping data for table `metadata`
--

INSERT INTO `metadata` (`id`, `data_id`, `abbreviation`, `description`, `unit_measure`, `deleted_at`, `created_at`, `updated_at`) VALUES
(1, 1, 'pH', 'pH', '', NULL, '2022-11-19 22:35:06', '2022-11-19 22:35:06'),
(2, 1, 'Ar', 'Arena', '%', NULL, '2022-11-19 22:35:06', '2022-11-19 22:35:06'),
(3, 1, 'Arc', 'Arcilla', '%', NULL, '2022-11-19 22:35:06', '2022-11-19 22:35:06'),
(4, 1, 'Lim', 'Limo', '%', NULL, '2022-11-19 22:35:06', '2022-11-19 22:35:06'),
(5, 1, 'CE', 'Conductividad eléctrica', 'dS/m', NULL, '2022-11-19 22:35:06', '2022-11-19 22:35:06'),
(6, 1, 'COT', 'Carbono orgánico', '%', NULL, '2022-11-19 22:35:06', '2022-11-19 22:35:06'),
(7, 1, 'MO', 'Materia orgánica', '%', NULL, '2022-11-19 22:35:06', '2022-11-19 22:35:06'),
(8, 1, 'N', 'Nitrógeno', '%', NULL, '2022-11-19 22:35:06', '2022-11-19 22:35:06'),
(9, 1, 'P', 'Fosforo', 'mg/kg', NULL, '2022-11-19 22:35:06', '2022-11-19 22:35:06'),
(10, 1, 'Na', 'Sodio', 'meq/100g', NULL, '2022-11-19 22:35:06', '2022-11-19 22:35:06'),
(11, 1, 'K', 'Potasio', 'meq/100g', NULL, '2022-11-19 22:35:06', '2022-11-19 22:35:06'),
(12, 1, 'Ca', 'Calcio', 'meq/100g', NULL, '2022-11-19 22:35:06', '2022-11-19 22:35:06'),
(13, 1, 'Mg', 'Magnesio', 'meq/100g', NULL, '2022-11-19 22:35:06', '2022-11-19 22:35:06'),
(14, 1, 'Mn', 'Manganeso', 'mg/kg', NULL, '2022-11-19 22:35:06', '2022-11-19 22:35:06'),
(15, 1, 'Fe', 'Hierro', 'mg/kg', NULL, '2022-11-19 22:35:06', '2022-11-19 22:35:06'),
(16, 1, 'Zn', 'Zinc', 'mg/kg', NULL, '2022-11-19 22:35:06', '2022-11-19 22:35:06'),
(17, 1, 'Cu', 'Cobre', 'mg/kg', NULL, '2022-11-19 22:35:06', '2022-11-19 22:35:06'),
(18, 1, 'CIC', 'Capacidad de intercambio catiónico', 'cmol(+)/kg', NULL, '2022-11-19 22:35:06', '2022-11-19 22:35:06'),
(19, 1, 'B', 'Boro', 'mg/kg', NULL, '2022-11-19 22:35:06', '2022-11-19 22:35:06'),
(20, 1, 'S', 'Azufre', 'mg/kg', NULL, '2022-11-19 22:35:06', '2022-11-19 22:35:06'),
(21, 1, 'Cd', 'Cadmio', 'ug/kg', NULL, '2022-11-19 22:35:06', '2022-11-19 22:35:06'),
(22, 2, 'Het', 'Heterótrofos', 'Log UFC', NULL, '2022-11-19 22:35:06', '2022-11-19 22:35:06'),
(23, 2, 'Hon', 'Hogos y levaduras', 'Log UFC', NULL, '2022-11-19 22:35:06', '2022-11-19 22:35:06'),
(24, 2, 'Bac', 'Bacterias fijadoras de nitrógeno', 'Log UFC', NULL, '2022-11-19 22:35:06', '2022-11-19 22:35:06'),
(25, 2, 'For', 'Formicidae', 'ind/m2', NULL, '2022-11-19 22:35:06', '2022-11-19 22:35:06'),
(26, 2, 'Lum', 'Lumbricidae', 'ind/m2', NULL, '2022-11-19 22:35:06', '2022-11-19 22:35:06'),
(27, 2, 'Isop', 'Isóptera', 'ind/m2', NULL, '2022-11-19 22:35:06', '2022-11-19 22:35:06'),
(28, 2, 'Cole', 'Coleóptera', 'ind/m2', NULL, '2022-11-19 22:35:06', '2022-11-19 22:35:06'),
(29, 3, 'Car', 'Cobertura arbórea', '%', NULL, '2022-11-19 22:35:06', '2022-11-19 22:35:06'),
(30, 3, 'IPyE', 'Incidencia de plagas y enfermedades', '%', NULL, '2022-11-19 22:35:06', '2022-11-19 22:35:06'),
(31, 3, 'IE', 'Incidencia de enfermedades', '%', NULL, '2022-11-19 22:35:06', '2022-11-19 22:35:06'),
(32, 3, 'IP', 'Incidencia de plagas', '%', NULL, '2022-11-19 22:35:06', '2022-11-19 22:35:06'),
(33, 3, 'PPC', 'Perdida de producción de cacao', 'kg/ha', NULL, '2022-11-19 22:35:06', '2022-11-19 22:35:06'),
(34, 3, 'PC', 'Producción de cacao', 'kg/ha', NULL, '2022-11-19 22:35:06', '2022-11-19 22:35:06'),
(35, 4, 'Pre', 'Precipitación acumulada', 'mm', NULL, '2022-11-19 22:35:06', '2022-11-19 22:35:06'),
(36, 4, 'Tem', 'Temperatura media', '°C', NULL, '2022-11-19 22:35:06', '2022-11-19 22:35:06'),
(37, 4, 'Rad', 'Radiación acumulada', 'MJ/m2', NULL, '2022-11-19 22:35:06', '2022-11-19 22:35:06'),
(38, 4, 'DPV', 'Déficit de presión de vapor acumulado', 'kPa', NULL, '2022-11-19 22:35:06', '2022-11-19 22:35:06'),
(39, 4, 'ET0', 'Evotranspiración de referencia acumulado', 'mm', NULL, '2022-11-19 22:35:06', '2022-11-19 22:35:06'),
(40, 4, 'ETc', 'Evotranspiración del cultivo acumulado', 'mm', NULL, '2022-11-19 22:35:06', '2022-11-19 22:35:06'),
(41, 4, 'EPE', 'Eventos de transpiración extrema', 'n dias', NULL, '2022-11-19 22:35:06', '2022-11-19 22:35:06'),
(42, 4, 'SHP', 'Índice Shannon precipitación', '-', NULL, '2022-11-19 22:35:06', '2022-11-19 22:35:06'),
(43, 4, 'UC', 'Unidades de calor', '°C', NULL, '2022-11-19 22:35:06', '2022-11-19 22:35:06'),
(44, 4, 'CFT', 'Cociente fototérmico', 'MJ m-2 d-1 °C-1', NULL, '2022-11-19 22:35:06', '2022-11-19 22:35:06'),
(45, 4, 'EPL', 'Distribución y abundancia de lluvias', 'mm', NULL, '2022-11-19 22:35:06', '2022-11-19 22:35:06');

--
-- Dumping data for table `producers`
--

INSERT INTO `producers` (`id`, `name`, `deleted_at`, `created_at`, `updated_at`) VALUES
(1, 'Waldemar Bravo', NULL, NULL, NULL),
(2, 'Ernesto Vergel ', NULL, NULL, NULL),
(3, 'Ramon Castro', NULL, NULL, NULL),
(4, 'Ramiro Santofimio', NULL, NULL, NULL),
(5, 'Etediel Diaz', NULL, NULL, NULL),
(6, 'Uldarico Pacheco', NULL, NULL, NULL),
(7, 'Hernan Garcia', NULL, NULL, NULL),
(8, 'Jose Ferney Figeroa  ', NULL, NULL, NULL),
(9, 'Edgar Cerquera', NULL, NULL, NULL),
(10, 'Daniel Ramirez ', NULL, NULL, NULL),
(11, 'Aldemar Guzman', NULL, NULL, NULL),
(12, 'Angel Antonio Cachaya ', NULL, NULL, NULL),
(13, 'Orlando Escobar ', NULL, NULL, NULL),
(14, 'Carlos Pastrana', NULL, NULL, NULL),
(15, 'Juan de dios Duran', NULL, NULL, NULL),
(16, 'Honorio Suaza', NULL, NULL, NULL),
(17, 'Yaneth Perdomo', NULL, NULL, NULL),
(18, 'Saturnino Avila Toledo', NULL, NULL, NULL),
(19, 'Rubiela Mota Mota', NULL, NULL, NULL),
(20, 'Javier Humberto Paredes', NULL, NULL, NULL),
(21, 'Ebli Gomez', NULL, NULL, NULL),
(22, 'Centro de Formacion Agroindustrial ', NULL, NULL, NULL),
(23, 'Angel coronado ', NULL, NULL, NULL),
(24, 'Hector Angel Ramirez Quintero', NULL, NULL, NULL),
(25, 'Gustavo Castillo', NULL, NULL, NULL),
(26, 'Emiliano Camacho', NULL, NULL, NULL),
(27, 'Marcela Ortiz', NULL, NULL, NULL),
(28, 'Maria Elvia Perez', NULL, NULL, NULL),
(29, 'Orlando Gonzales Moyano', NULL, NULL, NULL),
(30, 'Rosalbina Suaza', NULL, NULL, NULL),
(31, 'Oscar Neira ', NULL, NULL, NULL),
(32, 'Alexander Gonzalez ', NULL, NULL, NULL),
(33, 'Rigoberto Barrios Aragones', NULL, NULL, NULL),
(34, 'Hober Ortiz', NULL, NULL, NULL),
(35, 'Rosalba Veru', NULL, NULL, NULL),
(36, 'Graciela Rodriguez Salazar', NULL, NULL, NULL),
(37, 'Luis Carlos Avila', NULL, NULL, NULL),
(38, 'Gilma Rocha', NULL, NULL, NULL);

--
-- Dumping data for table `villages`
--

INSERT INTO `villages` (`id`, `name`, `municipality_id`, `deleted_at`, `created_at`, `updated_at`) VALUES
(1, 'La Esmeralda', 4793, NULL, NULL, NULL),
(2, 'Guayabero', 4793, NULL, NULL, NULL),
(3, 'San Isidro', 4793, NULL, NULL, NULL),
(4, 'El Castel', 4793, NULL, NULL, NULL),
(5, 'Rincon', 4793, NULL, NULL, NULL),
(6, 'Guasimos', 4793, NULL, NULL, NULL),
(7, 'Calle Real', 4793, NULL, NULL, NULL),
(8, 'Santa Barbara', 4793, NULL, NULL, NULL),
(9, 'La Union', 4793, NULL, NULL, NULL),
(10, 'El Callejon', 4793, NULL, NULL, NULL),
(11, 'Arrayan', 4793, NULL, NULL, NULL),
(12, 'El Olimpo', 4793, NULL, NULL, NULL),
(13, 'Mesitas', 4793, NULL, NULL, NULL),
(14, 'Agua Fri?a', 4793, NULL, NULL, NULL),
(15, 'Primavera', 4793, NULL, NULL, NULL),
(16, 'Los Cauchos', 4793, NULL, NULL, NULL),
(17, 'El Pata Centro Poblado', 4793, NULL, NULL, NULL),
(18, 'Dinas', 4793, NULL, NULL, NULL),
(19, 'El Tesoro', 4793, NULL, NULL, NULL),
(20, 'San Antonio', 4793, NULL, NULL, NULL),
(21, 'Santa Rita Centro Poblado', 4793, NULL, NULL, NULL),
(22, 'Potreritos', 4793, NULL, NULL, NULL),
(23, 'Ventanas', 4793, NULL, NULL, NULL),
(24, 'Santa Helena', 4793, NULL, NULL, NULL),
(25, 'Rio Aipe', 4793, NULL, NULL, NULL),
(26, 'La Manga', 4793, NULL, NULL, NULL),
(27, 'Buenos Aires', 4793, NULL, NULL, NULL),
(28, 'Las Pavas', 4793, NULL, NULL, NULL),
(29, 'El Dindal', 4793, NULL, NULL, NULL),
(30, 'Praga Centro Poblado', 4793, NULL, NULL, NULL),
(31, 'Arenoso', 4793, NULL, NULL, NULL),
(32, 'San Diego', 4793, NULL, NULL, NULL),
(33, 'Pando Roble', 4794, NULL, NULL, NULL),
(34, 'Las Damitas', 4794, NULL, NULL, NULL),
(35, 'Alto Rio Neiva', 4794, NULL, NULL, NULL),
(36, 'Las Brisas', 4794, NULL, NULL, NULL),
(37, 'La Cascajosa', 4794, NULL, NULL, NULL),
(38, 'Pinares', 4794, NULL, NULL, NULL),
(39, 'Santa Clara Bajo', 4794, NULL, NULL, NULL),
(40, 'Andes Altos', 4794, NULL, NULL, NULL),
(41, 'La Ensillada', 4794, NULL, NULL, NULL),
(42, 'Alto Cielo', 4794, NULL, NULL, NULL),
(43, 'La Laguna', 4794, NULL, NULL, NULL),
(44, 'Colon - La Laguna', 4794, NULL, NULL, NULL),
(45, 'La Arcadia', 4794, NULL, NULL, NULL),
(46, 'El Pomo', 4794, NULL, NULL, NULL),
(47, 'El Silencio', 4794, NULL, NULL, NULL),
(48, 'La Arenosa Ceibas', 4794, NULL, NULL, NULL),
(49, 'Santuario', 4794, NULL, NULL, NULL),
(50, 'Santa Clara Alto', 4794, NULL, NULL, NULL),
(51, 'Manzanares', 4794, NULL, NULL, NULL),
(52, 'Andes Bajos', 4794, NULL, NULL, NULL),
(53, 'La Florida', 4794, NULL, NULL, NULL),
(54, 'Naranjos Altos', 4794, NULL, NULL, NULL),
(55, 'Villanueva', 4794, NULL, NULL, NULL),
(56, 'Quebradon Norte', 4794, NULL, NULL, NULL),
(57, 'Alto de Legias', 4794, NULL, NULL, NULL),
(58, 'Las Palmas', 4794, NULL, NULL, NULL),
(59, 'Satias', 4794, NULL, NULL, NULL),
(60, 'Andes La Gruta', 4794, NULL, NULL, NULL),
(61, 'La Arenosa', 4794, NULL, NULL, NULL),
(62, 'El Kiosko', 4794, NULL, NULL, NULL),
(63, 'Primavera', 4794, NULL, NULL, NULL),
(64, 'Andes Medio', 4794, NULL, NULL, NULL),
(65, 'La Perdiz', 4794, NULL, NULL, NULL),
(66, 'Las Morras', 4794, NULL, NULL, NULL),
(67, 'Buenavista', 4794, NULL, NULL, NULL),
(68, 'La Esperanza', 4794, NULL, NULL, NULL),
(69, 'Pueblo Viejo', 4794, NULL, NULL, NULL),
(70, 'Quebrad?n Sur', 4794, NULL, NULL, NULL),
(71, 'Santa Lucia', 4794, NULL, NULL, NULL),
(72, 'San Jose', 4794, NULL, NULL, NULL),
(73, 'San Jose Bajo', 4794, NULL, NULL, NULL),
(74, 'El Toro Centro Poblado', 4794, NULL, NULL, NULL),
(75, 'El Reflejo', 4794, NULL, NULL, NULL),
(76, 'El Bosque', 4794, NULL, NULL, NULL),
(77, 'Roble', 4794, NULL, NULL, NULL),
(78, 'Lagunilla', 4794, NULL, NULL, NULL),
(79, 'Bellavista', 4794, NULL, NULL, NULL),
(80, 'El Paraiso Centro Poblado', 4794, NULL, NULL, NULL),
(81, 'La Argelia', 4794, NULL, NULL, NULL),
(82, 'Guadualeja', 4794, NULL, NULL, NULL),
(83, 'San Pablo', 4794, NULL, NULL, NULL),
(84, 'Termopilas', 4794, NULL, NULL, NULL),
(85, 'Libano Oriente', 4794, NULL, NULL, NULL),
(86, 'Naranjos Bajos', 4794, NULL, NULL, NULL),
(87, 'El Puente', 4794, NULL, NULL, NULL),
(88, 'La Perdicita', 4794, NULL, NULL, NULL),
(89, 'San Jose', 4794, NULL, NULL, NULL),
(90, 'Bajo Roble', 4794, NULL, NULL, NULL),
(91, 'El Vergel', 4794, NULL, NULL, NULL),
(92, 'San Antonio', 4794, NULL, NULL, NULL),
(93, 'Libano Occidente', 4794, NULL, NULL, NULL),
(94, 'Altamira', 4795, NULL, NULL, NULL),
(95, 'La Batalla Centro Poblado', 4795, NULL, NULL, NULL),
(96, 'La Honda', 4795, NULL, NULL, NULL),
(97, 'San Juan', 4795, NULL, NULL, NULL),
(98, 'Rio Blanco', 4795, NULL, NULL, NULL),
(99, 'Nueva Reforma', 4795, NULL, NULL, NULL),
(100, 'Los Laureles Centro Poblado', 4795, NULL, NULL, NULL),
(101, 'Venadito', 4795, NULL, NULL, NULL),
(102, 'Rio Negro', 4795, NULL, NULL, NULL),
(103, 'Begonia', 4795, NULL, NULL, NULL),
(104, 'Cerro Negro', 4795, NULL, NULL, NULL),
(105, 'La Libertad', 4795, NULL, NULL, NULL),
(106, 'Caballeriza', 4795, NULL, NULL, NULL),
(107, 'Naranjales', 4795, NULL, NULL, NULL),
(108, 'Las Perlas', 4795, NULL, NULL, NULL),
(109, 'Vaticano', 4795, NULL, NULL, NULL),
(110, 'Turquestan', 4795, NULL, NULL, NULL),
(111, 'Montellano', 4795, NULL, NULL, NULL),
(112, 'Bejucal', 4795, NULL, NULL, NULL),
(113, 'El Progreso', 4795, NULL, NULL, NULL),
(114, 'La Parada', 4795, NULL, NULL, NULL),
(115, 'El Salero', 4795, NULL, NULL, NULL),
(116, 'Siria', 4795, NULL, NULL, NULL),
(117, 'Patia Centro Poblado', 4795, NULL, NULL, NULL),
(118, 'Soto', 4795, NULL, NULL, NULL),
(119, 'Hotel', 4795, NULL, NULL, NULL),
(120, 'Canon', 4795, NULL, NULL, NULL),
(121, 'Manzanares', 4795, NULL, NULL, NULL),
(122, 'Miramar Centro Poblado', 4795, NULL, NULL, NULL),
(123, 'Totumito', 4795, NULL, NULL, NULL),
(124, 'La Troja Centro Poblado', 4795, NULL, NULL, NULL),
(125, 'La Espinaloza', 4795, NULL, NULL, NULL),
(126, 'La Union', 4795, NULL, NULL, NULL),
(127, 'San Pablo', 4795, NULL, NULL, NULL),
(128, 'Filoseco', 4795, NULL, NULL, NULL),
(129, 'Llano Sur', 4796, NULL, NULL, NULL),
(130, 'La Candelaria', 4796, NULL, NULL, NULL),
(131, 'La Vuelta', 4796, NULL, NULL, NULL),
(132, 'El Rincon', 4796, NULL, NULL, NULL),
(133, 'Llano Norte', 4796, NULL, NULL, NULL),
(134, 'Piravante Alto', 4796, NULL, NULL, NULL),
(135, 'Horizonte', 4796, NULL, NULL, NULL),
(136, 'Los Planes', 4796, NULL, NULL, NULL),
(137, 'Guamal - Buenos Aires', 4796, NULL, NULL, NULL),
(138, 'Rio Neiva Bajo', 4796, NULL, NULL, NULL),
(139, 'La Sardinata', 4796, NULL, NULL, NULL),
(140, 'El Roble', 4796, NULL, NULL, NULL),
(141, 'San Isidro', 4796, NULL, NULL, NULL),
(142, 'Buenavista', 4796, NULL, NULL, NULL),
(143, 'Chia', 4796, NULL, NULL, NULL),
(144, 'Bejucal Alto', 4796, NULL, NULL, NULL),
(145, 'El Pe?on', 4796, NULL, NULL, NULL),
(146, 'Alto Vilaco', 4796, NULL, NULL, NULL),
(147, 'Palmar Bajo', 4796, NULL, NULL, NULL),
(148, 'Los Rosales', 4796, NULL, NULL, NULL),
(149, 'Palmar Alto', 4796, NULL, NULL, NULL),
(150, 'San Miguel', 4796, NULL, NULL, NULL),
(151, 'Vilaco Bajo', 4796, NULL, NULL, NULL),
(152, 'Rio Neiva - Tinajitas', 4796, NULL, NULL, NULL),
(153, 'San Isidro Bajo', 4796, NULL, NULL, NULL),
(154, 'La Esperanza', 4796, NULL, NULL, NULL),
(155, 'Piravante Bajo', 4796, NULL, NULL, NULL),
(156, 'El Esmero', 4796, NULL, NULL, NULL),
(157, 'Las Pavas', 4796, NULL, NULL, NULL),
(158, 'Potosi', 4796, NULL, NULL, NULL),
(159, 'Venecia', 4796, NULL, NULL, NULL),
(160, 'El Viso', 4796, NULL, NULL, NULL),
(161, 'Otas Centro Poblado', 4796, NULL, NULL, NULL),
(162, 'Alto Villa Hermosa', 4796, NULL, NULL, NULL),
(163, 'Bejucal Bajo', 4796, NULL, NULL, NULL),
(164, 'Guayabo', 4796, NULL, NULL, NULL),
(165, 'Vega de Oriente', 4796, NULL, NULL, NULL),
(166, 'Bellavista', 4797, NULL, NULL, NULL),
(167, 'Buenos Aires', 4797, NULL, NULL, NULL),
(168, 'San Rafael', 4797, NULL, NULL, NULL),
(169, 'San Jose', 4797, NULL, NULL, NULL),
(170, 'Belen', 4797, NULL, NULL, NULL),
(171, 'Altamira', 4797, NULL, NULL, NULL),
(172, 'San Isidro de los Rios', 4797, NULL, NULL, NULL),
(173, 'Carrasposo', 4797, NULL, NULL, NULL),
(174, 'Versalles', 4797, NULL, NULL, NULL),
(175, 'El Amparo', 4797, NULL, NULL, NULL),
(176, 'Los Rios Centro Poblado', 4797, NULL, NULL, NULL),
(177, 'Quebrada Negra', 4797, NULL, NULL, NULL),
(178, 'La Libertad', 4797, NULL, NULL, NULL),
(179, 'Los Alpes', 4797, NULL, NULL, NULL),
(180, 'El Ruby', 4797, NULL, NULL, NULL),
(181, 'El Higueron', 4797, NULL, NULL, NULL),
(182, 'San Ambrosio', 4797, NULL, NULL, NULL),
(183, 'La Florida', 4797, NULL, NULL, NULL),
(184, 'Galilea', 4797, NULL, NULL, NULL),
(185, 'Antillas', 4797, NULL, NULL, NULL),
(186, 'San Ezequiel', 4797, NULL, NULL, NULL),
(187, 'El Playon', 4797, NULL, NULL, NULL),
(188, 'Boca de la Zanja', 4797, NULL, NULL, NULL),
(189, 'La Caba?a', 4797, NULL, NULL, NULL),
(190, 'Armenia', 4797, NULL, NULL, NULL),
(191, 'San Geronimo', 4797, NULL, NULL, NULL),
(192, 'Holanda', 4797, NULL, NULL, NULL),
(193, 'El Paraiso', 4797, NULL, NULL, NULL),
(194, 'La Sonora', 4797, NULL, NULL, NULL),
(195, 'Santa Barbara', 4797, NULL, NULL, NULL),
(196, 'Lucitania', 4797, NULL, NULL, NULL),
(197, 'El Libano', 4797, NULL, NULL, NULL),
(198, 'El Darien', 4797, NULL, NULL, NULL),
(199, 'La Hondita', 4797, NULL, NULL, NULL),
(200, 'Boqueron', 4797, NULL, NULL, NULL),
(201, 'San Antonio Bajo', 4797, NULL, NULL, NULL),
(202, 'Horizonte', 4797, NULL, NULL, NULL),
(203, 'San Antonio Alto Centro Poblado', 4797, NULL, NULL, NULL),
(204, 'Ucrania', 4797, NULL, NULL, NULL),
(205, 'El Diamante', 4797, NULL, NULL, NULL),
(206, 'La Granja', 4797, NULL, NULL, NULL),
(207, 'Potrero Grande', 4797, NULL, NULL, NULL),
(208, 'San Marcos Centro Poblado', 4797, NULL, NULL, NULL),
(209, 'Bernaza', 4797, NULL, NULL, NULL),
(210, 'Las Mercedes', 4797, NULL, NULL, NULL),
(211, 'Azucaral', 4797, NULL, NULL, NULL),
(212, 'Mongui Centro Poblado', 4797, NULL, NULL, NULL),
(213, 'Nueva Granada', 4797, NULL, NULL, NULL),
(214, 'Palacio', 4797, NULL, NULL, NULL),
(215, 'San Emilio', 4797, NULL, NULL, NULL),
(216, 'Alcaparrosal', 4797, NULL, NULL, NULL),
(217, 'Las Lajas Centro Poblado', 4797, NULL, NULL, NULL),
(218, 'La Union', 4797, NULL, NULL, NULL),
(219, 'Ariari', 4797, NULL, NULL, NULL),
(220, 'El Valle', 4797, NULL, NULL, NULL),
(221, 'Santa Ana Centro Poblado', 4797, NULL, NULL, NULL),
(222, 'La Esperanza', 4797, NULL, NULL, NULL),
(223, 'Santa Elena', 4797, NULL, NULL, NULL),
(224, 'El Dorado', 4797, NULL, NULL, NULL),
(225, 'Nazareth', 4797, NULL, NULL, NULL),
(226, 'Zaragoza', 4797, NULL, NULL, NULL),
(227, 'Mongui Centro Poblado', 4797, NULL, NULL, NULL),
(228, 'La Legiosa', 4797, NULL, NULL, NULL),
(229, 'San Pedro', 4797, NULL, NULL, NULL),
(230, 'El Silencio', 4797, NULL, NULL, NULL),
(231, 'San Joaquin', 4797, NULL, NULL, NULL),
(232, 'Porvenir', 4798, NULL, NULL, NULL),
(233, 'Agua Fria', 4798, NULL, NULL, NULL),
(234, 'Las Vueltas', 4798, NULL, NULL, NULL),
(235, 'San Juan Amapolita', 4798, NULL, NULL, NULL),
(236, 'Vilaco', 4798, NULL, NULL, NULL),
(237, 'Estoracal Alto', 4798, NULL, NULL, NULL),
(238, 'Estoracal Bajo', 4798, NULL, NULL, NULL),
(239, 'Batan', 4798, NULL, NULL, NULL),
(240, 'Centro', 4798, NULL, NULL, NULL),
(241, 'Narvaez', 4799, NULL, NULL, NULL),
(242, 'La Hocha', 4799, NULL, NULL, NULL),
(243, 'Nazareth', 4799, NULL, NULL, NULL),
(244, 'El Jardin', 4799, NULL, NULL, NULL),
(245, 'El Rosario', 4799, NULL, NULL, NULL),
(246, 'El Pato', 4799, NULL, NULL, NULL),
(247, 'Santa Rosa', 4799, NULL, NULL, NULL),
(248, 'Limonar', 4799, NULL, NULL, NULL),
(249, 'Los Alpes', 4799, NULL, NULL, NULL),
(250, 'Cucuana', 4799, NULL, NULL, NULL),
(251, 'Lejani?as', 4799, NULL, NULL, NULL),
(252, 'Garbanzal', 4799, NULL, NULL, NULL),
(253, 'El Carmen', 4799, NULL, NULL, NULL),
(254, 'Potreritos', 4799, NULL, NULL, NULL),
(255, 'El Porvenir', 4799, NULL, NULL, NULL),
(256, 'El Condor', 4799, NULL, NULL, NULL),
(257, 'Zaragoza', 4799, NULL, NULL, NULL),
(258, 'El Recreo', 4799, NULL, NULL, NULL),
(259, 'Juancho', 4799, NULL, NULL, NULL),
(260, 'Cachimbo', 4799, NULL, NULL, NULL),
(261, 'Las Brisas', 4799, NULL, NULL, NULL),
(262, 'El Jaho', 4799, NULL, NULL, NULL),
(263, 'San Luis Centro Poblado', 4799, NULL, NULL, NULL),
(264, 'Buenos Aires', 4799, NULL, NULL, NULL),
(265, 'El Tote', 4799, NULL, NULL, NULL),
(266, 'San Jose de Occidente', 4799, NULL, NULL, NULL),
(267, 'Villa Maria', 4799, NULL, NULL, NULL),
(268, 'Cedro Damitas', 4799, NULL, NULL, NULL),
(269, 'San Isidro', 4799, NULL, NULL, NULL),
(270, 'San Francisco', 4799, NULL, NULL, NULL),
(271, 'El Quebradon', 4799, NULL, NULL, NULL),
(272, 'Santa Lucia', 4799, NULL, NULL, NULL),
(273, 'Santa Barbara', 4799, NULL, NULL, NULL),
(274, 'Ibirco', 4799, NULL, NULL, NULL),
(275, 'Los Andes', 4799, NULL, NULL, NULL),
(276, 'La Copa', 4799, NULL, NULL, NULL),
(277, 'El Chaparro', 4799, NULL, NULL, NULL),
(278, 'Valencia De La Paz Centro Poblado', 4799, NULL, NULL, NULL),
(279, 'Alto Damitas', 4799, NULL, NULL, NULL),
(280, 'Rio ?quira', 4799, NULL, NULL, NULL),
(281, 'Rio Negro Centro Poblado', 4799, NULL, NULL, NULL),
(282, 'San Andres de Busiraco', 4800, NULL, NULL, NULL),
(283, 'Yucales', 4800, NULL, NULL, NULL),
(284, 'La Union', 4800, NULL, NULL, NULL),
(285, 'La Florida', 4800, NULL, NULL, NULL),
(286, 'Ceibas Afuera', 4800, NULL, NULL, NULL),
(287, 'Los Cauchos', 4800, NULL, NULL, NULL),
(288, 'El Triunfo', 4800, NULL, NULL, NULL),
(289, 'Jardin', 4800, NULL, NULL, NULL),
(290, 'Libano', 4800, NULL, NULL, NULL),
(291, 'Santa Barbara', 4800, NULL, NULL, NULL),
(292, 'Las Nubes', 4800, NULL, NULL, NULL),
(293, 'La Plata ', 4800, NULL, NULL, NULL),
(294, 'La Caba?a', 4800, NULL, NULL, NULL),
(295, 'Alto Motilon', 4800, NULL, NULL, NULL),
(296, 'Villa Marinela', 4800, NULL, NULL, NULL),
(297, 'La Mojarra', 4800, NULL, NULL, NULL),
(298, 'El Palmar', 4800, NULL, NULL, NULL),
(299, 'Pi?uelo', 4800, NULL, NULL, NULL),
(300, 'Canoas', 4800, NULL, NULL, NULL),
(301, 'Quebradon', 4800, NULL, NULL, NULL),
(302, 'El Roblal', 4800, NULL, NULL, NULL),
(303, 'Los Alpes San Luis', 4800, NULL, NULL, NULL),
(304, 'El Diamante', 4800, NULL, NULL, NULL),
(305, 'La Cristalina', 4800, NULL, NULL, NULL),
(306, 'Tuquila', 4800, NULL, NULL, NULL),
(307, 'El Pinal', 4800, NULL, NULL, NULL),
(308, 'Altamira', 4800, NULL, NULL, NULL),
(309, 'Cachichi', 4800, NULL, NULL, NULL),
(310, 'Alto Cocal', 4800, NULL, NULL, NULL),
(311, 'El Vergel', 4800, NULL, NULL, NULL),
(312, 'El Centro Sur', 4800, NULL, NULL, NULL),
(313, 'Santa Helena', 4800, NULL, NULL, NULL),
(314, 'La Espiga', 4800, NULL, NULL, NULL),
(315, 'Tabor', 4800, NULL, NULL, NULL),
(316, 'Los Alpes', 4800, NULL, NULL, NULL),
(317, 'San Miguel', 4800, NULL, NULL, NULL),
(318, 'Palestina', 4800, NULL, NULL, NULL),
(319, 'San Antonio de Anaconia', 4800, NULL, NULL, NULL),
(320, 'San Jose', 4800, NULL, NULL, NULL),
(321, 'San Bartolo', 4800, NULL, NULL, NULL),
(322, 'Motilon', 4800, NULL, NULL, NULL),
(323, 'Fortalecillas Centro Poblado', 4800, NULL, NULL, NULL),
(324, 'Bajo Cocal', 4800, NULL, NULL, NULL),
(325, 'Pradera', 4800, NULL, NULL, NULL),
(326, 'Aipecito Centro Poblado', 4800, NULL, NULL, NULL),
(327, 'El Caguan Centro Poblado', 4800, NULL, NULL, NULL),
(328, 'El Triunfo Sur', 4800, NULL, NULL, NULL),
(329, 'Chapinero Centro Poblado', 4800, NULL, NULL, NULL),
(330, 'El Cedral', 4800, NULL, NULL, NULL),
(331, 'Las Pavas', 4800, NULL, NULL, NULL),
(332, 'San Jorge', 4800, NULL, NULL, NULL),
(333, 'Palacios', 4800, NULL, NULL, NULL),
(334, 'Floragaita', 4800, NULL, NULL, NULL),
(335, 'Piedra Marcada', 4800, NULL, NULL, NULL),
(336, 'Platanillal', 4800, NULL, NULL, NULL),
(337, 'Vegalarga Centro Poblado', 4800, NULL, NULL, NULL),
(338, 'La Lindosa', 4800, NULL, NULL, NULL),
(339, 'Chapuro', 4800, NULL, NULL, NULL),
(340, 'Centro Avila', 4800, NULL, NULL, NULL),
(341, 'El Colegio', 4800, NULL, NULL, NULL),
(342, 'Guacirco Centro Poblado', 4800, NULL, NULL, NULL),
(343, 'Santa Librada', 4800, NULL, NULL, NULL),
(344, 'Ahuyamales', 4800, NULL, NULL, NULL),
(345, 'Organos', 4800, NULL, NULL, NULL),
(346, 'Horizonte', 4800, NULL, NULL, NULL),
(347, 'San Luis Centro Poblado', 4800, NULL, NULL, NULL),
(348, 'La Mata', 4800, NULL, NULL, NULL),
(349, 'Pe?a Blanca', 4800, NULL, NULL, NULL),
(350, 'Pueblo Nuevo', 4800, NULL, NULL, NULL),
(351, 'El Centro', 4800, NULL, NULL, NULL),
(352, 'San Francisco', 4800, NULL, NULL, NULL),
(353, 'Omega', 4800, NULL, NULL, NULL),
(354, 'Corozal', 4800, NULL, NULL, NULL),
(355, 'La Libertad', 4800, NULL, NULL, NULL),
(356, 'Tamarindo', 4800, NULL, NULL, NULL),
(357, 'La Jagua', 4800, NULL, NULL, NULL),
(358, 'Santa Lucia', 4800, NULL, NULL, NULL),
(359, 'La Julia', 4800, NULL, NULL, NULL),
(360, 'Santo Domingo', 4801, NULL, NULL, NULL),
(361, 'San Gerardo', 4801, NULL, NULL, NULL),
(362, 'Buenos Aires del Carmen', 4801, NULL, NULL, NULL),
(363, 'Brisas del Nilo', 4801, NULL, NULL, NULL),
(364, 'Versalles', 4801, NULL, NULL, NULL),
(365, 'Ospina Perez Centro Poblado', 4801, NULL, NULL, NULL),
(366, 'Las Juntas', 4801, NULL, NULL, NULL),
(367, 'El Pijao', 4801, NULL, NULL, NULL),
(368, 'Nilo', 4801, NULL, NULL, NULL),
(369, 'San Pedro Bajo', 4801, NULL, NULL, NULL),
(370, 'La Lupa', 4801, NULL, NULL, NULL),
(371, 'Alto San Pedro', 4801, NULL, NULL, NULL),
(372, 'Guacimos', 4801, NULL, NULL, NULL),
(373, 'Alto Paraguay', 4801, NULL, NULL, NULL),
(374, 'EL Mirador', 4801, NULL, NULL, NULL),
(375, 'El Jordan', 4801, NULL, NULL, NULL),
(376, 'Betania Centro Poblado', 4801, NULL, NULL, NULL),
(377, 'Lagos del Rosario', 4801, NULL, NULL, NULL),
(378, 'Amborco Centro Poblado', 4801, NULL, NULL, NULL),
(379, 'El Oriente', 4801, NULL, NULL, NULL),
(380, 'Las Ceibas', 4801, NULL, NULL, NULL),
(381, 'San Miguel', 4801, NULL, NULL, NULL),
(382, 'San Jose', 4801, NULL, NULL, NULL),
(383, 'San Juan', 4801, NULL, NULL, NULL),
(384, 'Corozal', 4801, NULL, NULL, NULL),
(385, 'Farfan', 4801, NULL, NULL, NULL),
(386, 'La Florida', 4801, NULL, NULL, NULL),
(387, 'Los Pinos', 4801, NULL, NULL, NULL),
(388, 'El Juncal Centro Poblado', 4801, NULL, NULL, NULL),
(389, 'La Urriaga', 4801, NULL, NULL, NULL),
(390, 'Cuisinde', 4801, NULL, NULL, NULL),
(391, 'Guadualito', 4801, NULL, NULL, NULL),
(392, 'Piravante', 4801, NULL, NULL, NULL),
(393, 'El Porvenir', 4801, NULL, NULL, NULL),
(394, 'El Viso', 4801, NULL, NULL, NULL),
(395, 'El Vergel', 4801, NULL, NULL, NULL),
(396, 'El Dorado', 4801, NULL, NULL, NULL),
(397, 'Horizonte', 4801, NULL, NULL, NULL),
(398, 'El Diamante', 4801, NULL, NULL, NULL),
(399, 'El Tablon', 4801, NULL, NULL, NULL),
(400, 'Nazareth', 4801, NULL, NULL, NULL),
(401, 'San Francisco', 4801, NULL, NULL, NULL),
(402, 'Moyitas', 4801, NULL, NULL, NULL),
(403, 'Bombona', 4801, NULL, NULL, NULL),
(404, 'Pinares', 4801, NULL, NULL, NULL),
(405, 'La Lindosa', 4801, NULL, NULL, NULL),
(406, 'La Orquidea', 4801, NULL, NULL, NULL),
(407, 'El Carmen', 4801, NULL, NULL, NULL),
(408, 'El Moral', 4801, NULL, NULL, NULL),
(409, 'Fatima', 4801, NULL, NULL, NULL),
(410, 'Buenos Aires', 4801, NULL, NULL, NULL),
(411, 'El Roble', 4801, NULL, NULL, NULL),
(412, 'Brisas del Carmen', 4801, NULL, NULL, NULL),
(413, 'Sardinata', 4801, NULL, NULL, NULL),
(414, 'Libano', 4801, NULL, NULL, NULL),
(415, 'Aleluyas', 4801, NULL, NULL, NULL),
(416, 'El Quebradon', 4801, NULL, NULL, NULL),
(417, 'Tambillo', 4801, NULL, NULL, NULL),
(418, 'El Albadan', 4802, NULL, NULL, NULL),
(419, 'Rio Blanco', 4802, NULL, NULL, NULL),
(420, 'Pindo', 4802, NULL, NULL, NULL),
(421, 'Agua Fria', 4802, NULL, NULL, NULL),
(422, 'La Medina', 4802, NULL, NULL, NULL),
(423, 'Loma Larga', 4802, NULL, NULL, NULL),
(424, 'El Tambillo', 4802, NULL, NULL, NULL),
(425, 'Alto Guadual', 4802, NULL, NULL, NULL),
(426, 'Llanitos', 4802, NULL, NULL, NULL),
(427, 'Agua Caliente', 4802, NULL, NULL, NULL),
(428, 'Monserrate', 4802, NULL, NULL, NULL),
(429, 'Guadual', 4802, NULL, NULL, NULL),
(430, 'Salado', 4802, NULL, NULL, NULL),
(431, 'Alto Pedregal', 4802, NULL, NULL, NULL),
(432, 'Riverita Centro Poblado', 4802, NULL, NULL, NULL),
(433, 'Viso y Mesitas', 4802, NULL, NULL, NULL),
(434, 'Termopilas', 4802, NULL, NULL, NULL),
(435, 'Salado', 4802, NULL, NULL, NULL),
(436, 'Honda', 4802, NULL, NULL, NULL),
(437, 'Bajo Pedregal', 4802, NULL, NULL, NULL),
(438, 'Arrayanal', 4802, NULL, NULL, NULL),
(439, 'La Ulloa Centro Poblado', 4802, NULL, NULL, NULL),
(440, 'La Honda Alta', 4802, NULL, NULL, NULL),
(441, 'Arenoso', 4802, NULL, NULL, NULL),
(442, 'Rio Frio', 4802, NULL, NULL, NULL),
(443, 'Rio Negro', 4802, NULL, NULL, NULL),
(444, 'Los Medios', 4802, NULL, NULL, NULL),
(445, 'Buena Vista', 4802, NULL, NULL, NULL),
(446, 'El Dinde', 4802, NULL, NULL, NULL),
(447, 'Las Juntas', 4802, NULL, NULL, NULL),
(448, 'Bache', 4803, NULL, NULL, NULL),
(449, 'Las Juntas', 4803, NULL, NULL, NULL),
(450, 'Bachecito', 4803, NULL, NULL, NULL),
(451, 'Los Pinos', 4803, NULL, NULL, NULL),
(452, 'La Caba?a', 4803, NULL, NULL, NULL),
(453, 'Jerusalen', 4803, NULL, NULL, NULL),
(454, 'Belgica', 4803, NULL, NULL, NULL),
(455, 'San Fransisco', 4803, NULL, NULL, NULL),
(456, 'Cedral Alto', 4803, NULL, NULL, NULL),
(457, 'Mirador', 4803, NULL, NULL, NULL),
(458, 'El Cedral', 4803, NULL, NULL, NULL),
(459, 'Brisas', 4803, NULL, NULL, NULL),
(460, 'Carmen de Bolivar', 4803, NULL, NULL, NULL),
(461, 'La Palma', 4803, NULL, NULL, NULL),
(462, 'Buenos Aires', 4803, NULL, NULL, NULL),
(463, 'Las Pe?as', 4803, NULL, NULL, NULL),
(464, 'Santa Teresa', 4803, NULL, NULL, NULL),
(465, 'La Neira', 4803, NULL, NULL, NULL),
(466, 'San Jose', 4803, NULL, NULL, NULL),
(467, 'El Encanto', 4803, NULL, NULL, NULL),
(468, 'El Censo', 4803, NULL, NULL, NULL),
(469, 'Los Andes', 4803, NULL, NULL, NULL),
(470, 'El Cisne', 4803, NULL, NULL, NULL),
(471, 'La Maria', 4803, NULL, NULL, NULL),
(472, 'San Joaquin Centro Poblado', 4803, NULL, NULL, NULL),
(473, 'El Vergel', 4803, NULL, NULL, NULL),
(474, 'Buena Vista', 4803, NULL, NULL, NULL),
(475, 'Mercedes', 4803, NULL, NULL, NULL),
(476, 'La Esperanza', 4803, NULL, NULL, NULL),
(477, 'Mesitas', 4803, NULL, NULL, NULL),
(478, 'Miraflores', 4803, NULL, NULL, NULL),
(479, 'Pradera', 4803, NULL, NULL, NULL),
(480, 'Santa Lucia', 4803, NULL, NULL, NULL),
(481, 'San Miguel', 4803, NULL, NULL, NULL),
(482, 'El Sinai', 4803, NULL, NULL, NULL),
(483, 'Divino Ni?o', 4803, NULL, NULL, NULL),
(484, 'Socorro Centro Poblado', 4803, NULL, NULL, NULL),
(485, 'Canaan', 4803, NULL, NULL, NULL),
(486, 'Santa Librada', 4803, NULL, NULL, NULL),
(487, 'El Placer', 4803, NULL, NULL, NULL),
(488, 'Santa Helena Bajo', 4803, NULL, NULL, NULL),
(489, 'Santa Helena Alto', 4803, NULL, NULL, NULL),
(490, 'Primavera', 4803, NULL, NULL, NULL),
(491, 'El Vergel', 4804, NULL, NULL, NULL),
(492, 'El Bosque', 4804, NULL, NULL, NULL),
(493, 'El Libano', 4804, NULL, NULL, NULL),
(494, 'Los Planes', 4804, NULL, NULL, NULL),
(495, 'Barranquilla', 4804, NULL, NULL, NULL),
(496, 'Guaimaral', 4804, NULL, NULL, NULL),
(497, 'La Estrella', 4804, NULL, NULL, NULL),
(498, 'La Brasilia', 4804, NULL, NULL, NULL),
(499, 'Alto Urraca', 4804, NULL, NULL, NULL),
(500, 'La Urraca', 4804, NULL, NULL, NULL),
(501, 'San Andres', 4804, NULL, NULL, NULL),
(502, 'Las Mercedes', 4804, NULL, NULL, NULL),
(503, 'San Joaquin', 4804, NULL, NULL, NULL),
(504, 'El Jordan', 4804, NULL, NULL, NULL),
(505, 'La Amistad', 4804, NULL, NULL, NULL),
(506, 'El Espejo', 4804, NULL, NULL, NULL),
(507, 'Cerro Casta?al', 4804, NULL, NULL, NULL),
(508, 'El Cedral', 4804, NULL, NULL, NULL),
(509, 'San Isidro Alto', 4804, NULL, NULL, NULL),
(510, 'Cucuana', 4804, NULL, NULL, NULL),
(511, 'Buenavista', 4804, NULL, NULL, NULL),
(512, 'Puerta del Sol', 4804, NULL, NULL, NULL),
(513, 'La Caba?a', 4804, NULL, NULL, NULL),
(514, 'Alto Oriente', 4804, NULL, NULL, NULL),
(515, 'El Cadillo', 4804, NULL, NULL, NULL),
(516, 'Rio Negro', 4804, NULL, NULL, NULL),
(517, 'San Isidro Bajo', 4804, NULL, NULL, NULL),
(518, 'Bajo Roblal', 4804, NULL, NULL, NULL),
(519, 'Bolivia', 4804, NULL, NULL, NULL),
(520, 'La Reforma', 4804, NULL, NULL, NULL),
(521, 'Bajo Oriente', 4804, NULL, NULL, NULL),
(522, 'Medio Oriente', 4804, NULL, NULL, NULL),
(523, 'El Candado', 4804, NULL, NULL, NULL),
(524, 'Cucharito', 4804, NULL, NULL, NULL),
(525, 'Anacleto Garcia Centro Poblado', 4804, NULL, NULL, NULL),
(526, 'La Cascada', 4804, NULL, NULL, NULL),
(527, 'Sierra de la Ca?ada Centro Poblado', 4804, NULL, NULL, NULL),
(528, 'La Esperanza', 4804, NULL, NULL, NULL),
(529, 'Romero', 4804, NULL, NULL, NULL),
(530, 'Medio Roblal', 4804, NULL, NULL, NULL),
(531, 'Sierra del Gramal Centro Poblado', 4804, NULL, NULL, NULL),
(532, 'Mesa Redonda', 4804, NULL, NULL, NULL),
(533, 'Las Juntas', 4804, NULL, NULL, NULL),
(534, 'Alto Roblal', 4804, NULL, NULL, NULL),
(535, 'El Tablon', 4805, NULL, NULL, NULL),
(536, 'Arrayanes', 4805, NULL, NULL, NULL),
(537, 'Varas Meson', 4805, NULL, NULL, NULL),
(538, 'Armenia', 4805, NULL, NULL, NULL),
(539, 'Cafuchal', 4805, NULL, NULL, NULL),
(540, 'Pedernal', 4805, NULL, NULL, NULL),
(541, 'Monserrate', 4805, NULL, NULL, NULL),
(542, 'Las Herreras', 4805, NULL, NULL, NULL),
(543, 'Beberrecio', 4805, NULL, NULL, NULL),
(544, 'Corrales', 4805, NULL, NULL, NULL),
(545, 'La Floresta', 4805, NULL, NULL, NULL),
(546, 'Sinai', 4805, NULL, NULL, NULL),
(547, 'Castilla', 4805, NULL, NULL, NULL),
(548, 'Yarumal', 4805, NULL, NULL, NULL),
(549, 'Paraiso', 4805, NULL, NULL, NULL),
(550, 'Rio ?quira', 4805, NULL, NULL, NULL),
(551, 'La Mina', 4805, NULL, NULL, NULL),
(552, 'La Maria', 4805, NULL, NULL, NULL),
(553, 'Primavera', 4805, NULL, NULL, NULL),
(554, 'Estambul', 4805, NULL, NULL, NULL),
(555, 'El Almorzadero Centro Poblado', 4805, NULL, NULL, NULL),
(556, 'Portachuelo', 4805, NULL, NULL, NULL),
(557, 'Gualpi', 4805, NULL, NULL, NULL),
(558, 'La Ca?ada', 4805, NULL, NULL, NULL),
(559, 'Palmira', 4806, NULL, NULL, NULL),
(560, 'El Libano', 4806, NULL, NULL, NULL),
(561, 'La Chivera', 4806, NULL, NULL, NULL),
(562, 'El Cuzco', 4806, NULL, NULL, NULL),
(563, 'Gaviotas', 4806, NULL, NULL, NULL),
(564, 'El Cabuyal', 4806, NULL, NULL, NULL),
(565, 'Polonia Centro Poblado', 4806, NULL, NULL, NULL),
(566, 'La Calera', 4806, NULL, NULL, NULL),
(567, 'Doche', 4806, NULL, NULL, NULL),
(568, 'Resguardo Pijao Tatacoa', 4806, NULL, NULL, NULL),
(569, 'San Alfonso Centro Poblado', 4806, NULL, NULL, NULL),
(570, 'Hato Nuevo Centro Poblado', 4806, NULL, NULL, NULL),
(571, 'Kilometro 21', 4806, NULL, NULL, NULL),
(572, 'San Juanito', 4806, NULL, NULL, NULL),
(573, 'La Manguita', 4806, NULL, NULL, NULL),
(574, 'Potosi Centro Poblado', 4806, NULL, NULL, NULL),
(575, 'Golondrinas', 4806, NULL, NULL, NULL),
(576, 'La Victoria Centro Poblado', 4806, NULL, NULL, NULL),
(577, 'Arenoso', 4807, NULL, NULL, NULL),
(578, 'El Viso', 4807, NULL, NULL, NULL),
(579, 'Vil?', 4807, NULL, NULL, NULL),
(580, 'La Paz', 4807, NULL, NULL, NULL),
(581, 'Upar', 4807, NULL, NULL, NULL),
(582, 'Letran Centro Poblado', 4807, NULL, NULL, NULL),
(583, 'El Jagual', 4807, NULL, NULL, NULL),
(584, 'La Floresta', 4807, NULL, NULL, NULL),
(585, 'Flandes', 4807, NULL, NULL, NULL),
(586, 'Bajo Mirador', 4807, NULL, NULL, NULL),
(587, 'El Grifo', 4808, NULL, NULL, NULL),
(588, 'El Tigre', 4808, NULL, NULL, NULL),
(589, 'Pajiji', 4808, NULL, NULL, NULL),
(590, 'Villa Fernanda', 4808, NULL, NULL, NULL),
(591, 'La Guaira', 4808, NULL, NULL, NULL),
(592, 'La Singa', 4808, NULL, NULL, NULL),
(593, 'San Carlos', 4808, NULL, NULL, NULL),
(594, 'Sempero', 4808, NULL, NULL, NULL),
(595, 'Hato Blanco', 4808, NULL, NULL, NULL),
(596, 'Llano de La Virgen', 4808, NULL, NULL, NULL),
(597, 'El Puente', 4808, NULL, NULL, NULL),
(598, 'Miraguas', 4808, NULL, NULL, NULL),
(599, 'La Maria', 4809, NULL, NULL, NULL),
(600, 'Alto Granadillo', 4809, NULL, NULL, NULL),
(601, 'El Horizonte', 4809, NULL, NULL, NULL),
(602, 'Sabaneta', 4809, NULL, NULL, NULL),
(603, 'Los Pinos', 4809, NULL, NULL, NULL),
(604, 'San Antonio', 4809, NULL, NULL, NULL),
(605, 'El Carmen', 4809, NULL, NULL, NULL),
(606, 'La Yaguilga', 4809, NULL, NULL, NULL),
(607, 'La Galda', 4809, NULL, NULL, NULL),
(608, 'San Jose de Belen', 4809, NULL, NULL, NULL),
(609, 'La Escalereta', 4809, NULL, NULL, NULL),
(610, 'Las Orquideas', 4809, NULL, NULL, NULL),
(611, 'El Socorro', 4809, NULL, NULL, NULL),
(612, 'Los Olivos', 4809, NULL, NULL, NULL),
(613, 'Bajo Buenavista', 4809, NULL, NULL, NULL),
(614, 'Astillero', 4809, NULL, NULL, NULL),
(615, 'Pedernal', 4809, NULL, NULL, NULL),
(616, 'La Ca?ada', 4809, NULL, NULL, NULL),
(617, 'Alto Buenavista', 4809, NULL, NULL, NULL),
(618, 'La Ondina', 4809, NULL, NULL, NULL),
(619, 'Montesitos', 4809, NULL, NULL, NULL),
(620, 'La Esperanza', 4809, NULL, NULL, NULL),
(621, 'La Ca?ada', 4810, NULL, NULL, NULL),
(622, 'Nuevo Horizonte', 4810, NULL, NULL, NULL),
(623, 'El Descanso', 4810, NULL, NULL, NULL),
(624, 'La Esmeralda', 4810, NULL, NULL, NULL),
(625, 'Balseral', 4810, NULL, NULL, NULL),
(626, 'La Trinidad', 4810, NULL, NULL, NULL),
(627, 'Filo de Guayabal', 4810, NULL, NULL, NULL),
(628, 'Agua Caliente', 4810, NULL, NULL, NULL),
(629, 'Los Robles', 4810, NULL, NULL, NULL),
(630, 'La Orquidea', 4810, NULL, NULL, NULL),
(631, 'El Socorro', 4810, NULL, NULL, NULL),
(632, 'La Aurora', 4810, NULL, NULL, NULL),
(633, 'Sector Las Ceibas', 4810, NULL, NULL, NULL),
(634, 'Los Alpes', 4810, NULL, NULL, NULL),
(635, 'Paloquemao', 4810, NULL, NULL, NULL),
(636, 'Villa Florida', 4810, NULL, NULL, NULL),
(637, 'Zuluaga', 4810, NULL, NULL, NULL),
(638, 'Sector Gucanas', 4810, NULL, NULL, NULL),
(639, 'Balseadero', 4810, NULL, NULL, NULL),
(640, 'Caguancito', 4810, NULL, NULL, NULL),
(641, 'El Progreso', 4810, NULL, NULL, NULL),
(642, 'Los Milagros', 4810, NULL, NULL, NULL),
(643, 'El Mirador', 4810, NULL, NULL, NULL),
(644, 'La Ulama', 4810, NULL, NULL, NULL),
(645, 'Mocoa', 4810, NULL, NULL, NULL),
(646, 'Panorama', 4810, NULL, NULL, NULL),
(647, 'El Caguan', 4810, NULL, NULL, NULL),
(648, 'Los Guaduales', 4810, NULL, NULL, NULL),
(649, 'Alto San Isidro', 4810, NULL, NULL, NULL),
(650, 'Buenos Aires', 4810, NULL, NULL, NULL),
(651, 'La Soledad', 4810, NULL, NULL, NULL),
(652, 'Puerto Alegria', 4810, NULL, NULL, NULL),
(653, 'El Vergel', 4810, NULL, NULL, NULL),
(654, 'Albania', 4810, NULL, NULL, NULL),
(655, 'Campo Bello', 4810, NULL, NULL, NULL),
(656, 'Santa Helena Centro Poblado', 4810, NULL, NULL, NULL),
(657, 'El Pescado', 4810, NULL, NULL, NULL),
(658, 'La Caba?a', 4810, NULL, NULL, NULL),
(659, 'Los Pinos', 4810, NULL, NULL, NULL),
(660, 'Claros', 4810, NULL, NULL, NULL),
(661, 'El Meson', 4810, NULL, NULL, NULL),
(662, 'Las Mercedes', 4810, NULL, NULL, NULL),
(663, 'Aguablanca', 4810, NULL, NULL, NULL),
(664, 'Alejandria', 4810, NULL, NULL, NULL),
(665, 'Las Palmitas', 4810, NULL, NULL, NULL),
(666, 'Bellavista', 4810, NULL, NULL, NULL),
(667, 'San Gerardo', 4810, NULL, NULL, NULL),
(668, 'Zuluaguita', 4810, NULL, NULL, NULL),
(669, 'Pan de Azucar', 4810, NULL, NULL, NULL),
(670, 'El Cedral', 4810, NULL, NULL, NULL),
(671, 'Los Sauces', 4810, NULL, NULL, NULL),
(672, 'San Miguel', 4810, NULL, NULL, NULL),
(673, 'Puerto El Oasis', 4810, NULL, NULL, NULL),
(674, 'Las Delicias', 4810, NULL, NULL, NULL),
(675, 'Filo de Pompeya', 4810, NULL, NULL, NULL),
(676, 'Filo de Platanares', 4810, NULL, NULL, NULL),
(677, 'Santa Marta', 4810, NULL, NULL, NULL),
(678, 'Mesitas', 4810, NULL, NULL, NULL),
(679, 'Miraflores', 4810, NULL, NULL, NULL),
(680, 'La Pita', 4810, NULL, NULL, NULL),
(681, 'Potrerillos', 4810, NULL, NULL, NULL),
(682, 'Villa Hermosa', 4810, NULL, NULL, NULL),
(683, 'Providencia', 4810, NULL, NULL, NULL),
(684, 'Nueva Floresta', 4810, NULL, NULL, NULL),
(685, 'El Libano', 4810, NULL, NULL, NULL),
(686, 'Alto Fatima', 4810, NULL, NULL, NULL),
(687, 'Fatima', 4810, NULL, NULL, NULL),
(688, 'La Azulita', 4810, NULL, NULL, NULL),
(689, 'El Batan', 4810, NULL, NULL, NULL),
(690, 'El Rosario', 4810, NULL, NULL, NULL),
(691, 'La Esperanza', 4810, NULL, NULL, NULL),
(692, 'San Luis', 4810, NULL, NULL, NULL),
(693, 'El Viso', 4810, NULL, NULL, NULL),
(694, 'San Pedro', 4810, NULL, NULL, NULL),
(695, 'La Florida', 4810, NULL, NULL, NULL),
(696, 'San Jose De La Florida', 4810, NULL, NULL, NULL),
(697, 'El Recreo', 4810, NULL, NULL, NULL),
(698, 'San Antonio del Pescado Centro Poblado', 4810, NULL, NULL, NULL),
(699, 'Sector Las Mercedes', 4810, NULL, NULL, NULL),
(700, 'Vega de Platanares', 4810, NULL, NULL, NULL),
(701, 'San Rafael', 4810, NULL, NULL, NULL),
(702, 'Monserrate', 4810, NULL, NULL, NULL),
(703, 'El Paraiso', 4810, NULL, NULL, NULL),
(704, 'Las Brisas', 4810, NULL, NULL, NULL),
(705, 'Primavera', 4810, NULL, NULL, NULL),
(706, 'Sector Filo Rico', 4810, NULL, NULL, NULL),
(707, 'El Barzal', 4810, NULL, NULL, NULL),
(708, 'Los Medios', 4810, NULL, NULL, NULL),
(709, 'Majo', 4810, NULL, NULL, NULL),
(710, 'Jagualito', 4810, NULL, NULL, NULL),
(711, 'Alto Sartenejo', 4810, NULL, NULL, NULL),
(712, 'Bajo Sartenejo', 4810, NULL, NULL, NULL),
(713, 'Villa Rica', 4810, NULL, NULL, NULL),
(714, 'La Jagua', 4810, NULL, NULL, NULL),
(715, 'Matambo', 4811, NULL, NULL, NULL),
(716, 'Baldios', 4811, NULL, NULL, NULL),
(717, 'Villanueva', 4811, NULL, NULL, NULL),
(718, 'La Honda', 4811, NULL, NULL, NULL),
(719, 'El Espinal', 4811, NULL, NULL, NULL),
(720, 'Chonta', 4811, NULL, NULL, NULL),
(721, 'La Guandinosa', 4811, NULL, NULL, NULL),
(722, 'San Jacinto', 4811, NULL, NULL, NULL),
(723, 'Ventanas', 4811, NULL, NULL, NULL),
(724, 'Buenos Aires', 4811, NULL, NULL, NULL),
(725, 'Bajo Silvania', 4811, NULL, NULL, NULL),
(726, 'La Umbria', 4811, NULL, NULL, NULL),
(727, 'La Vega', 4811, NULL, NULL, NULL),
(728, 'El Pi?al', 4811, NULL, NULL, NULL),
(729, 'La Estacion', 4811, NULL, NULL, NULL),
(730, 'La Gran Via Centro Poblado', 4811, NULL, NULL, NULL),
(731, 'La Pradera', 4811, NULL, NULL, NULL),
(732, 'Cachaya', 4811, NULL, NULL, NULL),
(733, 'El Porvenir', 4811, NULL, NULL, NULL),
(734, 'El Salado', 4811, NULL, NULL, NULL),
(735, 'Quebraditas', 4811, NULL, NULL, NULL),
(736, 'El Tendido', 4811, NULL, NULL, NULL),
(737, 'El Recreo', 4811, NULL, NULL, NULL),
(738, 'Pueblo Nuevo', 4811, NULL, NULL, NULL),
(739, 'Algarrobo - Para', 4811, NULL, NULL, NULL),
(740, 'Cascajal', 4811, NULL, NULL, NULL),
(741, 'Tres Esquinas', 4811, NULL, NULL, NULL),
(742, 'Agua Blanca', 4811, NULL, NULL, NULL),
(743, 'La Primavera', 4811, NULL, NULL, NULL),
(744, 'Bajo tres Esquinas', 4811, NULL, NULL, NULL),
(745, 'El Libertador', 4811, NULL, NULL, NULL),
(746, 'Silvania Centro Poblado', 4811, NULL, NULL, NULL),
(747, 'Los Olivos', 4811, NULL, NULL, NULL),
(748, 'Villacafe', 4811, NULL, NULL, NULL),
(749, 'Alto de Las Aguilas', 4811, NULL, NULL, NULL),
(750, 'Los Pinos', 4811, NULL, NULL, NULL),
(751, 'Alto Tres Esquinas', 4811, NULL, NULL, NULL),
(752, 'San lorenzo', 4811, NULL, NULL, NULL),
(753, 'Mesoncito Sur', 4811, NULL, NULL, NULL),
(754, 'Alto Corozal', 4811, NULL, NULL, NULL),
(755, 'Bajo Corozal', 4811, NULL, NULL, NULL),
(756, 'La Palma', 4811, NULL, NULL, NULL),
(757, 'Alto Cachaya', 4811, NULL, NULL, NULL),
(758, 'Rio Loro Centro Poblado', 4811, NULL, NULL, NULL),
(759, 'Veracruz', 4811, NULL, NULL, NULL),
(760, 'Santa Lucia', 4811, NULL, NULL, NULL),
(761, 'Vueltas Arriba Centro Poblado', 4811, NULL, NULL, NULL),
(762, 'El Rodeo', 4811, NULL, NULL, NULL),
(763, 'La Pe?alosa', 4811, NULL, NULL, NULL),
(764, 'Alto Silvania', 4811, NULL, NULL, NULL),
(765, 'El Cogollo', 4811, NULL, NULL, NULL),
(766, 'El Garrucho', 4811, NULL, NULL, NULL),
(767, 'Guadalupe', 4811, NULL, NULL, NULL),
(768, 'El Meson', 4811, NULL, NULL, NULL),
(769, 'La Chiquita', 4811, NULL, NULL, NULL),
(770, 'Sector Palomino', 4811, NULL, NULL, NULL),
(771, 'Potrerillos Centro Poblado', 4811, NULL, NULL, NULL),
(772, 'Bajo San Jose', 4812, NULL, NULL, NULL),
(773, 'Flor Amarillo', 4812, NULL, NULL, NULL),
(774, 'Bajo Minas', 4812, NULL, NULL, NULL),
(775, 'La Mesa', 4812, NULL, NULL, NULL),
(776, 'San Jose', 4812, NULL, NULL, NULL),
(777, 'San Antonio', 4812, NULL, NULL, NULL),
(778, 'Campoalegre', 4812, NULL, NULL, NULL),
(779, 'La Galda', 4812, NULL, NULL, NULL),
(780, 'Alto Libano', 4812, NULL, NULL, NULL),
(781, 'Mercedes', 4812, NULL, NULL, NULL),
(782, 'San Joaquin', 4812, NULL, NULL, NULL),
(783, 'Arrayan', 4812, NULL, NULL, NULL),
(784, 'Hato Viejo', 4812, NULL, NULL, NULL),
(785, 'Chorrillos', 4812, NULL, NULL, NULL),
(786, 'Independencia', 4812, NULL, NULL, NULL),
(787, 'Mirador', 4812, NULL, NULL, NULL),
(788, 'Florida', 4812, NULL, NULL, NULL),
(789, 'Tinco', 4812, NULL, NULL, NULL),
(790, 'Cusco', 4812, NULL, NULL, NULL),
(791, 'Alto San Isidro', 4812, NULL, NULL, NULL),
(792, 'Chimbayaco', 4812, NULL, NULL, NULL),
(793, 'Pe?a Negra', 4812, NULL, NULL, NULL),
(794, 'Uvital', 4812, NULL, NULL, NULL),
(795, 'Cauchal', 4812, NULL, NULL, NULL),
(796, 'Santa Rosa', 4812, NULL, NULL, NULL),
(797, 'Los Olivos', 4812, NULL, NULL, NULL),
(798, 'Recreo', 4812, NULL, NULL, NULL),
(799, 'El Retiro', 4812, NULL, NULL, NULL),
(800, 'Playa Rica', 4812, NULL, NULL, NULL),
(801, 'Amparo', 4812, NULL, NULL, NULL),
(802, 'Vegon', 4812, NULL, NULL, NULL),
(803, 'Monserrate', 4812, NULL, NULL, NULL),
(804, 'EL Carmelo', 4812, NULL, NULL, NULL),
(805, 'Alpes', 4812, NULL, NULL, NULL),
(806, 'El Carmen', 4812, NULL, NULL, NULL),
(807, 'San Miguel', 4812, NULL, NULL, NULL),
(808, 'Las Minas', 4812, NULL, NULL, NULL),
(809, 'El Socorro Centro Poblado', 4812, NULL, NULL, NULL),
(810, 'La Esmeralda', 4813, NULL, NULL, NULL),
(811, 'El Recreo', 4813, NULL, NULL, NULL),
(812, 'Filo de Salazar', 4813, NULL, NULL, NULL),
(813, 'La Rivera', 4813, NULL, NULL, NULL),
(814, 'Villa Viciosa', 4813, NULL, NULL, NULL),
(815, 'Las Palmeras', 4813, NULL, NULL, NULL),
(816, 'Betania', 4813, NULL, NULL, NULL),
(817, 'Horizonte', 4813, NULL, NULL, NULL),
(818, 'La Esperanza', 4813, NULL, NULL, NULL),
(819, 'Miraflores Corregimiento', 4813, NULL, NULL, NULL),
(820, 'El Diviso', 4813, NULL, NULL, NULL),
(821, 'Los Pinos', 4813, NULL, NULL, NULL),
(822, 'Corozal', 4813, NULL, NULL, NULL),
(823, 'Las Brisas', 4813, NULL, NULL, NULL),
(824, 'Alto Resinas', 4813, NULL, NULL, NULL),
(825, 'La Bernarda', 4813, NULL, NULL, NULL),
(826, 'Bellavista', 4813, NULL, NULL, NULL),
(827, 'La Danta', 4813, NULL, NULL, NULL),
(828, 'Las Mercedes', 4813, NULL, NULL, NULL),
(829, 'El Paraiso', 4813, NULL, NULL, NULL),
(830, 'La Caba?a', 4813, NULL, NULL, NULL),
(831, 'El Sinai', 4813, NULL, NULL, NULL),
(832, 'El Chorrillo', 4813, NULL, NULL, NULL),
(833, 'Cachimbal', 4813, NULL, NULL, NULL),
(834, 'La Planta', 4813, NULL, NULL, NULL),
(835, 'El Guamal', 4813, NULL, NULL, NULL),
(836, 'Sartenejal', 4813, NULL, NULL, NULL),
(837, 'Pablico', 4813, NULL, NULL, NULL),
(838, 'El Carmen', 4813, NULL, NULL, NULL),
(839, 'Los Alpes', 4813, NULL, NULL, NULL),
(840, 'Buenos Aires', 4813, NULL, NULL, NULL),
(841, 'Morti?al', 4813, NULL, NULL, NULL),
(842, 'San Jose', 4813, NULL, NULL, NULL),
(843, 'Rancheria', 4813, NULL, NULL, NULL),
(844, 'La Florida', 4813, NULL, NULL, NULL),
(845, 'El Triunfo', 4813, NULL, NULL, NULL),
(846, 'El  Cisne', 4813, NULL, NULL, NULL),
(847, 'La Miguela', 4813, NULL, NULL, NULL),
(848, 'Chontaduro', 4813, NULL, NULL, NULL),
(849, 'Resinas', 4813, NULL, NULL, NULL),
(850, 'Los Cauchos', 4813, NULL, NULL, NULL),
(851, 'Alto Meson', 4813, NULL, NULL, NULL),
(852, 'El Mirador', 4813, NULL, NULL, NULL),
(853, 'Barquetas', 4813, NULL, NULL, NULL),
(854, 'Guapoton', 4813, NULL, NULL, NULL),
(855, 'Potrerillos', 4813, NULL, NULL, NULL),
(856, 'Marmato', 4813, NULL, NULL, NULL),
(857, 'La Australia', 4813, NULL, NULL, NULL),
(858, 'El Porvenir', 4814, NULL, NULL, NULL),
(859, 'Pe?as Negras', 4814, NULL, NULL, NULL),
(860, 'Tablon de Maito', 4814, NULL, NULL, NULL),
(861, 'La Galaxia', 4814, NULL, NULL, NULL),
(862, 'El Pescador', 4814, NULL, NULL, NULL),
(863, 'Zapatero', 4814, NULL, NULL, NULL),
(864, 'El Vegon', 4814, NULL, NULL, NULL),
(865, 'Potrerillos', 4814, NULL, NULL, NULL),
(866, 'Mesitas', 4814, NULL, NULL, NULL),
(867, 'Alto Pradera', 4814, NULL, NULL, NULL),
(868, 'Las Delicias', 4814, NULL, NULL, NULL),
(869, 'Los Pinos', 4814, NULL, NULL, NULL),
(870, 'El Carmen', 4814, NULL, NULL, NULL),
(871, 'La Esperanza', 4814, NULL, NULL, NULL),
(872, 'Las Minas', 4814, NULL, NULL, NULL),
(873, 'Las Acacias', 4814, NULL, NULL, NULL),
(874, 'Quebrada Seca', 4814, NULL, NULL, NULL),
(875, 'La Mejica', 4814, NULL, NULL, NULL),
(876, 'La Eureka', 4814, NULL, NULL, NULL),
(877, 'Agua Azul', 4814, NULL, NULL, NULL),
(878, 'Mirador', 4814, NULL, NULL, NULL),
(879, 'Los Andes', 4814, NULL, NULL, NULL),
(880, 'Libano', 4814, NULL, NULL, NULL),
(881, 'La Vega', 4814, NULL, NULL, NULL),
(882, 'La Peninsula', 4814, NULL, NULL, NULL),
(883, 'Palestina', 4814, NULL, NULL, NULL),
(884, 'La Playa', 4814, NULL, NULL, NULL),
(885, 'Rica Brisa Centro Poblado', 4814, NULL, NULL, NULL),
(886, 'Bellavista', 4814, NULL, NULL, NULL),
(887, 'El Guavito', 4814, NULL, NULL, NULL),
(888, 'Espinal', 4814, NULL, NULL, NULL),
(889, 'La Sabina', 4814, NULL, NULL, NULL),
(890, 'El Triunfo', 4814, NULL, NULL, NULL),
(891, 'Buenavista', 4814, NULL, NULL, NULL),
(892, 'Los Alpes', 4814, NULL, NULL, NULL),
(893, 'Los Llanitos', 4814, NULL, NULL, NULL),
(894, 'Las Ceibas', 4814, NULL, NULL, NULL),
(895, 'Pueblito', 4814, NULL, NULL, NULL),
(896, 'La Pradera', 4814, NULL, NULL, NULL),
(897, 'Quituro Centro Poblado', 4814, NULL, NULL, NULL),
(898, 'Monta?itas', 4814, NULL, NULL, NULL),
(899, 'Caimital', 4814, NULL, NULL, NULL),
(900, 'Belgica', 4814, NULL, NULL, NULL),
(901, 'Tablon de Belgica', 4814, NULL, NULL, NULL),
(902, 'Lagunilla', 4814, NULL, NULL, NULL),
(903, 'San Joaquin', 4814, NULL, NULL, NULL),
(904, 'Vergel Centro Poblado', 4814, NULL, NULL, NULL),
(905, 'San Francisco', 4814, NULL, NULL, NULL),
(906, 'La Miranda', 4814, NULL, NULL, NULL),
(907, 'El Tambo', 4814, NULL, NULL, NULL),
(908, 'La Esmeralda Centro Poblado', 4814, NULL, NULL, NULL),
(909, 'El Cedro', 4814, NULL, NULL, NULL),
(910, 'Llano del Hato', 4814, NULL, NULL, NULL),
(911, 'Maito Centro Poblado', 4814, NULL, NULL, NULL),
(912, 'La Pampa', 4814, NULL, NULL, NULL),
(913, 'Quebraditas', 4814, NULL, NULL, NULL),
(914, 'Las Mercedes', 4814, NULL, NULL, NULL),
(915, 'Las Nieves', 4814, NULL, NULL, NULL),
(916, 'Betania', 4814, NULL, NULL, NULL),
(917, 'Buenos Aires', 4814, NULL, NULL, NULL),
(918, 'San Pablo', 4815, NULL, NULL, NULL),
(919, 'Santa Maria', 4815, NULL, NULL, NULL),
(920, 'El Recreo', 4815, NULL, NULL, NULL),
(921, 'Alto Horizonte', 4815, NULL, NULL, NULL),
(922, 'El Vergel', 4815, NULL, NULL, NULL),
(923, 'El Macal', 4815, NULL, NULL, NULL),
(924, 'Primavera', 4815, NULL, NULL, NULL),
(925, 'El Salado', 4815, NULL, NULL, NULL),
(926, 'Campo Hermoso', 4815, NULL, NULL, NULL),
(927, 'La Palma', 4815, NULL, NULL, NULL),
(928, 'La Argentina', 4815, NULL, NULL, NULL),
(929, 'Divino Ni?o', 4815, NULL, NULL, NULL),
(930, 'Fatima', 4815, NULL, NULL, NULL),
(931, 'Vega Grande', 4815, NULL, NULL, NULL),
(932, 'Alto Brasil', 4815, NULL, NULL, NULL),
(933, 'San Isidro', 4815, NULL, NULL, NULL),
(934, 'Delicias', 4815, NULL, NULL, NULL),
(935, 'Horizonte', 4815, NULL, NULL, NULL),
(936, 'Charco Negro', 4815, NULL, NULL, NULL),
(937, 'Mantagua', 4815, NULL, NULL, NULL),
(938, 'Las Perlas', 4815, NULL, NULL, NULL),
(939, 'Brazuelitos', 4815, NULL, NULL, NULL),
(940, 'Alto Tablon', 4815, NULL, NULL, NULL),
(941, 'El Avispero', 4815, NULL, NULL, NULL),
(942, 'El Tablon', 4815, NULL, NULL, NULL),
(943, 'El Libano', 4815, NULL, NULL, NULL),
(944, 'San Jose', 4815, NULL, NULL, NULL),
(945, 'Pantanos de Toribio', 4815, NULL, NULL, NULL),
(946, 'Las Juntas', 4815, NULL, NULL, NULL),
(947, 'San Martin', 4815, NULL, NULL, NULL),
(948, 'Toribio', 4815, NULL, NULL, NULL),
(949, 'Guayabal Centro Poblado', 4815, NULL, NULL, NULL),
(950, 'Las Quemadas', 4815, NULL, NULL, NULL),
(951, 'La Union', 4815, NULL, NULL, NULL),
(952, 'Hato Viejo', 4815, NULL, NULL, NULL),
(953, 'San Calixto', 4815, NULL, NULL, NULL),
(954, 'El Vegon', 4815, NULL, NULL, NULL),
(955, 'Cerrito', 4815, NULL, NULL, NULL),
(956, 'Picuma', 4815, NULL, NULL, NULL),
(957, 'Satia', 4815, NULL, NULL, NULL),
(958, 'Picumita', 4815, NULL, NULL, NULL),
(959, 'La Esmeralda', 4815, NULL, NULL, NULL),
(960, 'Gallardo Centro Poblado', 4815, NULL, NULL, NULL),
(961, 'El Brasil', 4815, NULL, NULL, NULL),
(962, 'Sinai', 4816, NULL, NULL, NULL),
(963, 'Quebrada Negra', 4816, NULL, NULL, NULL),
(964, 'Alto Pensil', 4816, NULL, NULL, NULL),
(965, 'La Esperanza', 4816, NULL, NULL, NULL),
(966, 'Campoalegre', 4816, NULL, NULL, NULL),
(967, 'San Bartolo', 4816, NULL, NULL, NULL),
(968, 'Los Milagros', 4816, NULL, NULL, NULL),
(969, 'Bella Vista', 4816, NULL, NULL, NULL),
(970, 'Betania', 4816, NULL, NULL, NULL),
(971, 'Pescador', 4816, NULL, NULL, NULL),
(972, 'Buenos Aires', 4816, NULL, NULL, NULL),
(973, 'Mirador', 4816, NULL, NULL, NULL),
(974, 'La Pedregosa', 4816, NULL, NULL, NULL),
(975, 'El Pensil Centro Poblado', 4816, NULL, NULL, NULL),
(976, 'Las Toldas', 4816, NULL, NULL, NULL),
(977, 'Las Aguilas', 4816, NULL, NULL, NULL),
(978, 'Blanquesino', 4816, NULL, NULL, NULL),
(979, 'Alto Carmen', 4816, NULL, NULL, NULL),
(980, 'El Carmen', 4816, NULL, NULL, NULL),
(981, 'Bajo Pensil', 4816, NULL, NULL, NULL),
(982, 'Santa Helena', 4816, NULL, NULL, NULL),
(983, 'Lourdes', 4816, NULL, NULL, NULL),
(984, 'El Paraiso', 4816, NULL, NULL, NULL),
(985, 'El Progreso', 4816, NULL, NULL, NULL),
(986, 'El Rosario', 4816, NULL, NULL, NULL),
(987, 'La Union', 4816, NULL, NULL, NULL),
(988, 'Las Minas', 4816, NULL, NULL, NULL),
(989, 'Aguas Blancas', 4816, NULL, NULL, NULL),
(990, 'Marsella', 4816, NULL, NULL, NULL),
(991, 'El Escribano', 4817, NULL, NULL, NULL),
(992, 'La Lindosa', 4817, NULL, NULL, NULL),
(993, 'Lucitania', 4817, NULL, NULL, NULL),
(994, 'Los Angeles', 4817, NULL, NULL, NULL),
(995, 'Yarumalito', 4817, NULL, NULL, NULL),
(996, 'Patio Bonito', 4817, NULL, NULL, NULL),
(997, 'El Congreso', 4817, NULL, NULL, NULL),
(998, 'La Linea', 4817, NULL, NULL, NULL),
(999, 'El Porvenir Leticia', 4817, NULL, NULL, NULL),
(1000, 'El Choco', 4817, NULL, NULL, NULL),
(1001, 'La Union', 4817, NULL, NULL, NULL),
(1002, 'Villa Esperanza', 4817, NULL, NULL, NULL),
(1003, 'El Trebol', 4817, NULL, NULL, NULL),
(1004, 'Alto Candelaria', 4817, NULL, NULL, NULL),
(1005, 'La Esmeralda Moscopan', 4817, NULL, NULL, NULL),
(1006, 'Getzen', 4817, NULL, NULL, NULL),
(1007, 'Bajo Villa Mercedes', 4817, NULL, NULL, NULL),
(1008, 'Bajo Ca?ada', 4817, NULL, NULL, NULL),
(1009, 'Las Acacias', 4817, NULL, NULL, NULL),
(1010, 'San Martin', 4817, NULL, NULL, NULL),
(1011, 'Las Mercedes', 4817, NULL, NULL, NULL),
(1012, 'Villa Mercedes', 4817, NULL, NULL, NULL),
(1013, 'Los Sauces', 4817, NULL, NULL, NULL),
(1014, 'La Estrella', 4817, NULL, NULL, NULL),
(1015, 'Monte Bello', 4817, NULL, NULL, NULL),
(1016, 'San Jose de Juntas', 4817, NULL, NULL, NULL),
(1017, 'Bajo Rico', 4817, NULL, NULL, NULL),
(1018, 'El Porvenir Gallego', 4817, NULL, NULL, NULL),
(1019, 'Alto San Isidro', 4817, NULL, NULL, NULL),
(1020, 'La Muralla', 4817, NULL, NULL, NULL),
(1021, 'El Perico', 4817, NULL, NULL, NULL),
(1022, 'Laderas', 4817, NULL, NULL, NULL),
(1023, 'El Cerrito', 4817, NULL, NULL, NULL),
(1024, 'Las Brisas', 4817, NULL, NULL, NULL),
(1025, 'La Palma', 4817, NULL, NULL, NULL),
(1026, 'San Miguel', 4817, NULL, NULL, NULL),
(1027, 'Bajo Pescador', 4817, NULL, NULL, NULL),
(1028, 'Antonio Nari?o', 4817, NULL, NULL, NULL),
(1029, 'San Antonio', 4817, NULL, NULL, NULL),
(1030, 'Bellavista', 4817, NULL, NULL, NULL),
(1031, 'Fatima', 4817, NULL, NULL, NULL),
(1032, 'La Aurora', 4817, NULL, NULL, NULL),
(1033, 'Betania', 4817, NULL, NULL, NULL),
(1034, 'San Jose', 4817, NULL, NULL, NULL),
(1035, 'San Francisco', 4817, NULL, NULL, NULL),
(1036, 'Buenos Aires', 4817, NULL, NULL, NULL),
(1037, 'El Libano', 4817, NULL, NULL, NULL),
(1038, 'La Maria', 4817, NULL, NULL, NULL),
(1039, 'La Independencia', 4817, NULL, NULL, NULL),
(1040, 'San Sebastian', 4817, NULL, NULL, NULL),
(1041, 'El Jazmin', 4817, NULL, NULL, NULL),
(1042, 'Vega Candelaria', 4817, NULL, NULL, NULL),
(1043, 'Las Orquideas', 4817, NULL, NULL, NULL),
(1044, 'Palestina', 4817, NULL, NULL, NULL),
(1045, 'Dos Quebradas', 4817, NULL, NULL, NULL),
(1046, 'Cachipay', 4817, NULL, NULL, NULL),
(1047, 'Kilometro 48', 4817, NULL, NULL, NULL),
(1048, 'Agua Bonita - Estatuas', 4817, NULL, NULL, NULL),
(1049, 'Belgica', 4817, NULL, NULL, NULL),
(1050, 'Tesorito', 4817, NULL, NULL, NULL),
(1051, 'La Esperanza', 4817, NULL, NULL, NULL),
(1052, 'Panorama', 4817, NULL, NULL, NULL),
(1053, 'Alto Ca?ada', 4817, NULL, NULL, NULL),
(1054, 'El Cedro', 4817, NULL, NULL, NULL),
(1055, 'Los Alpes', 4817, NULL, NULL, NULL),
(1056, 'Gallego Centro Poblado', 4817, NULL, NULL, NULL),
(1057, 'Alto Coral', 4817, NULL, NULL, NULL),
(1058, 'El Coral', 4817, NULL, NULL, NULL),
(1059, 'El Retiro', 4817, NULL, NULL, NULL),
(1060, 'Cabildo Indi?gena La Reforma', 4817, NULL, NULL, NULL),
(1061, 'La Estacion', 4817, NULL, NULL, NULL),
(1062, 'Piguanza', 4817, NULL, NULL, NULL),
(1063, 'Monserrate Centro Poblado', 4817, NULL, NULL, NULL),
(1064, 'El Pescado', 4817, NULL, NULL, NULL),
(1065, 'El Arrayan', 4817, NULL, NULL, NULL),
(1066, 'Alto Rico', 4817, NULL, NULL, NULL),
(1067, 'Belen Centro Poblado', 4817, NULL, NULL, NULL),
(1068, 'La Reforma', 4817, NULL, NULL, NULL),
(1069, 'San Rafael', 4817, NULL, NULL, NULL),
(1070, 'El Carmelo', 4817, NULL, NULL, NULL),
(1071, 'Nueva Irlanda', 4817, NULL, NULL, NULL),
(1072, 'Tijeras', 4817, NULL, NULL, NULL),
(1073, 'La Esmeralda', 4817, NULL, NULL, NULL),
(1074, 'El Triunfo', 4817, NULL, NULL, NULL),
(1075, 'Dos Aguas', 4817, NULL, NULL, NULL),
(1076, 'San Vicente Centro Poblado', 4817, NULL, NULL, NULL),
(1077, 'La Alpina', 4817, NULL, NULL, NULL),
(1078, 'San Mateo', 4817, NULL, NULL, NULL),
(1079, 'La Guinea', 4817, NULL, NULL, NULL),
(1080, 'Moscopan Santa Leticia', 4817, NULL, NULL, NULL),
(1081, 'La Morena', 4817, NULL, NULL, NULL),
(1082, 'Asentamiento Potreritos', 4817, NULL, NULL, NULL),
(1083, 'Bajo Moscopan', 4817, NULL, NULL, NULL),
(1084, 'El Salado', 4817, NULL, NULL, NULL),
(1085, 'El Roble', 4817, NULL, NULL, NULL),
(1086, 'Santa Marta', 4817, NULL, NULL, NULL),
(1087, 'Villa Losada', 4817, NULL, NULL, NULL),
(1088, 'Villa de Leyva', 4817, NULL, NULL, NULL),
(1089, 'El Limon', 4817, NULL, NULL, NULL),
(1090, 'San Andres Centro Poblado', 4817, NULL, NULL, NULL),
(1091, 'El Tablon', 4817, NULL, NULL, NULL),
(1092, 'El Cabuyal', 4817, NULL, NULL, NULL),
(1093, 'Madro?al', 4817, NULL, NULL, NULL),
(1094, 'La Palma C.P De San Vicente', 4817, NULL, NULL, NULL),
(1095, 'Villa Colombia', 4817, NULL, NULL, NULL),
(1096, 'Los Laureles', 4817, NULL, NULL, NULL),
(1097, 'La Florida', 4817, NULL, NULL, NULL),
(1098, 'El Paraiso', 4817, NULL, NULL, NULL),
(1099, 'El Bosque', 4817, NULL, NULL, NULL),
(1100, 'Segovianas', 4817, NULL, NULL, NULL),
(1101, 'La Azufrada', 4817, NULL, NULL, NULL),
(1102, 'Bajo Ca?ada', 4817, NULL, NULL, NULL),
(1103, 'San Isidro', 4817, NULL, NULL, NULL),
(1104, 'San Juan', 4817, NULL, NULL, NULL),
(1105, 'Cansarrosines', 4817, NULL, NULL, NULL),
(1106, 'El Carmen', 4817, NULL, NULL, NULL),
(1107, 'El Rosal', 4817, NULL, NULL, NULL),
(1108, 'Alto Retiro', 4817, NULL, NULL, NULL),
(1109, 'Bajo Patico', 4817, NULL, NULL, NULL),
(1110, 'La Mesa', 4817, NULL, NULL, NULL),
(1111, 'Alto Patico', 4817, NULL, NULL, NULL),
(1112, 'Alto Getzen', 4817, NULL, NULL, NULL),
(1113, 'Alto San Fransisco', 4817, NULL, NULL, NULL),
(1114, 'Chilicambe', 4817, NULL, NULL, NULL),
(1115, 'Bellavista', 4817, NULL, NULL, NULL),
(1116, 'El Refugio', 4818, NULL, NULL, NULL),
(1117, 'La Hondura', 4818, NULL, NULL, NULL),
(1118, 'El Socorro', 4818, NULL, NULL, NULL),
(1119, 'El Triunfo', 4818, NULL, NULL, NULL),
(1120, 'La Caba?a', 4818, NULL, NULL, NULL),
(1121, 'Laureles', 4818, NULL, NULL, NULL),
(1122, 'Las Mercedes', 4818, NULL, NULL, NULL),
(1123, 'Buenavista', 4818, NULL, NULL, NULL),
(1124, 'Patio Bonito', 4818, NULL, NULL, NULL),
(1125, 'Alto Carmelo', 4818, NULL, NULL, NULL),
(1126, 'El Orozco', 4818, NULL, NULL, NULL),
(1127, 'Yarumal Centro Poblado', 4818, NULL, NULL, NULL),
(1128, 'El Diamante', 4818, NULL, NULL, NULL),
(1129, 'La Esmeralda', 4818, NULL, NULL, NULL),
(1130, 'La Mesa', 4818, NULL, NULL, NULL),
(1131, 'La Estrella', 4818, NULL, NULL, NULL),
(1132, 'El Teniente', 4818, NULL, NULL, NULL);
INSERT INTO `villages` (`id`, `name`, `municipality_id`, `deleted_at`, `created_at`, `updated_at`) VALUES
(1133, 'La Cascajosa', 4818, NULL, NULL, NULL),
(1134, 'San Isidro', 4818, NULL, NULL, NULL),
(1135, 'La Pringamosa', 4818, NULL, NULL, NULL),
(1136, 'El Ocaso', 4819, NULL, NULL, NULL),
(1137, 'Domingo Arias', 4819, NULL, NULL, NULL),
(1138, 'El Vergel', 4819, NULL, NULL, NULL),
(1139, 'El Diamante', 4819, NULL, NULL, NULL),
(1140, 'Santa Ines', 4819, NULL, NULL, NULL),
(1141, 'La Cumbre', 4819, NULL, NULL, NULL),
(1142, 'Pe?a Negra', 4819, NULL, NULL, NULL),
(1143, 'Alto San Miguel', 4819, NULL, NULL, NULL),
(1144, 'La Laja', 4819, NULL, NULL, NULL),
(1145, 'Santa Rita', 4819, NULL, NULL, NULL),
(1146, 'San Isidro', 4819, NULL, NULL, NULL),
(1147, 'La Mesa', 4819, NULL, NULL, NULL),
(1148, 'San Marcos', 4819, NULL, NULL, NULL),
(1149, 'San Matias', 4819, NULL, NULL, NULL),
(1150, 'Las Mercedes', 4819, NULL, NULL, NULL),
(1151, 'Matanzas', 4819, NULL, NULL, NULL),
(1152, 'Primavera', 4819, NULL, NULL, NULL),
(1153, 'La Reforma', 4819, NULL, NULL, NULL),
(1154, 'Bajo Caloto', 4819, NULL, NULL, NULL),
(1155, 'El Carmen', 4819, NULL, NULL, NULL),
(1156, 'Alto Caloto', 4819, NULL, NULL, NULL),
(1157, 'El Chaparro', 4819, NULL, NULL, NULL),
(1158, 'La Lajita', 4819, NULL, NULL, NULL),
(1159, 'Las Orquideas', 4819, NULL, NULL, NULL),
(1160, 'Potrerillos', 4820, NULL, NULL, NULL),
(1161, 'Espinal', 4820, NULL, NULL, NULL),
(1162, 'Vergel', 4820, NULL, NULL, NULL),
(1163, 'El Centro', 4820, NULL, NULL, NULL),
(1164, 'El Palmito', 4820, NULL, NULL, NULL),
(1165, 'Sinai', 4820, NULL, NULL, NULL),
(1166, 'El Medio', 4820, NULL, NULL, NULL),
(1167, 'Pacarni Centro Poblado', 4820, NULL, NULL, NULL),
(1168, 'Potrero Grande', 4820, NULL, NULL, NULL),
(1169, 'La Esperanza', 4820, NULL, NULL, NULL),
(1170, 'Buena Vista', 4820, NULL, NULL, NULL),
(1171, 'Bombon', 4820, NULL, NULL, NULL),
(1172, 'Los Yuyos', 4820, NULL, NULL, NULL),
(1173, 'El Dave', 4820, NULL, NULL, NULL),
(1174, 'Las Delicias', 4820, NULL, NULL, NULL),
(1175, 'Alto de la Hocha', 4820, NULL, NULL, NULL),
(1176, 'El Guamal', 4820, NULL, NULL, NULL),
(1177, 'Piedra Gorda', 4820, NULL, NULL, NULL),
(1178, 'Las Mercedes', 4821, NULL, NULL, NULL),
(1179, 'La Carbona', 4821, NULL, NULL, NULL),
(1180, 'El Cerro', 4821, NULL, NULL, NULL),
(1181, 'El Mirador', 4821, NULL, NULL, NULL),
(1182, 'San Jose de Riecito', 4821, NULL, NULL, NULL),
(1183, 'Cabildo Indigena', 4821, NULL, NULL, NULL),
(1184, 'Alto Bombonal', 4821, NULL, NULL, NULL),
(1185, 'El Palacio', 4821, NULL, NULL, NULL),
(1186, 'Siberia', 4821, NULL, NULL, NULL),
(1187, 'El Rubi', 4821, NULL, NULL, NULL),
(1188, 'Buenavista', 4821, NULL, NULL, NULL),
(1189, 'Encanto', 4821, NULL, NULL, NULL),
(1190, 'El Cardal', 4821, NULL, NULL, NULL),
(1191, 'La Tocora', 4821, NULL, NULL, NULL),
(1192, 'Aguas Claras', 4821, NULL, NULL, NULL),
(1193, 'Mesa Alta', 4821, NULL, NULL, NULL),
(1194, 'La Ilusion', 4821, NULL, NULL, NULL),
(1195, 'Villa Fatima', 4821, NULL, NULL, NULL),
(1196, 'La Esperanza', 4821, NULL, NULL, NULL),
(1197, 'Bateas', 4821, NULL, NULL, NULL),
(1198, 'La Montosa', 4821, NULL, NULL, NULL),
(1199, 'El Paraiso', 4821, NULL, NULL, NULL),
(1200, 'El Porvenir', 4821, NULL, NULL, NULL),
(1201, 'Monserrate', 4821, NULL, NULL, NULL),
(1202, 'El Berlin', 4821, NULL, NULL, NULL),
(1203, 'La Esmeralda', 4821, NULL, NULL, NULL),
(1204, 'Los Olivos', 4821, NULL, NULL, NULL),
(1205, 'Cantarito', 4821, NULL, NULL, NULL),
(1206, 'Monta?itas', 4821, NULL, NULL, NULL),
(1207, 'Las Brisas', 4821, NULL, NULL, NULL),
(1208, 'El Carmelo', 4821, NULL, NULL, NULL),
(1209, 'La Monus', 4821, NULL, NULL, NULL),
(1210, 'Nuevo Horizonte', 4821, NULL, NULL, NULL),
(1211, 'El Meson', 4821, NULL, NULL, NULL),
(1212, 'La Colonia', 4821, NULL, NULL, NULL),
(1213, 'Cristo Rey', 4821, NULL, NULL, NULL),
(1214, 'La Victoria', 4821, NULL, NULL, NULL),
(1215, 'La Union', 4821, NULL, NULL, NULL),
(1216, 'La Caba?a', 4821, NULL, NULL, NULL),
(1217, 'Versalles', 4821, NULL, NULL, NULL),
(1218, 'San Luis', 4821, NULL, NULL, NULL),
(1219, 'La Florida', 4821, NULL, NULL, NULL),
(1220, 'Copalito', 4821, NULL, NULL, NULL),
(1221, 'Marticas', 4821, NULL, NULL, NULL),
(1222, 'Santo Domingo', 4821, NULL, NULL, NULL),
(1223, 'La Estrella', 4821, NULL, NULL, NULL),
(1224, 'Buenos Aires', 4821, NULL, NULL, NULL),
(1225, 'La Primavera', 4821, NULL, NULL, NULL),
(1226, 'Villanueva', 4821, NULL, NULL, NULL),
(1227, 'El Rosario', 4821, NULL, NULL, NULL),
(1228, 'San Isidro', 4821, NULL, NULL, NULL),
(1229, 'San Marcos Centro Poblado', 4821, NULL, NULL, NULL),
(1230, 'Pe?as Blancas', 4821, NULL, NULL, NULL),
(1231, 'Corinto', 4821, NULL, NULL, NULL),
(1232, 'Los Angeles', 4821, NULL, NULL, NULL),
(1233, 'El Diviso', 4821, NULL, NULL, NULL),
(1234, 'Playitas', 4821, NULL, NULL, NULL),
(1235, 'Las Delicias', 4821, NULL, NULL, NULL),
(1236, 'El Recreo', 4821, NULL, NULL, NULL),
(1237, 'Los Laureles', 4821, NULL, NULL, NULL),
(1238, 'El Salado', 4821, NULL, NULL, NULL),
(1239, 'La Tiji?a', 4821, NULL, NULL, NULL),
(1240, 'San Jose de Llanitos', 4821, NULL, NULL, NULL),
(1241, 'San Antonio de las Minas', 4821, NULL, NULL, NULL),
(1242, 'Bolivar', 4821, NULL, NULL, NULL),
(1243, 'El Cedral', 4821, NULL, NULL, NULL),
(1244, 'Anayaco', 4821, NULL, NULL, NULL),
(1245, 'Pueblo Viejo', 4821, NULL, NULL, NULL),
(1246, 'San Antonio de las Minas', 4821, NULL, NULL, NULL),
(1247, 'San Antonio', 4821, NULL, NULL, NULL),
(1248, 'Los Guaduales', 4821, NULL, NULL, NULL),
(1249, 'Santa Ana', 4821, NULL, NULL, NULL),
(1250, 'La Palma', 4821, NULL, NULL, NULL),
(1251, 'El Jardin', 4821, NULL, NULL, NULL),
(1252, 'La Marimba', 4821, NULL, NULL, NULL),
(1253, 'Bajo Encanto', 4821, NULL, NULL, NULL),
(1254, 'San Adolfo Centro Poblado', 4821, NULL, NULL, NULL),
(1255, 'El Carmen', 4821, NULL, NULL, NULL),
(1256, 'La Barniza', 4821, NULL, NULL, NULL),
(1257, 'Llanitos', 4821, NULL, NULL, NULL),
(1258, 'La Independencia', 4821, NULL, NULL, NULL),
(1259, 'La Esperanza', 4822, NULL, NULL, NULL),
(1260, 'La Palma', 4822, NULL, NULL, NULL),
(1261, 'Paso a Maito', 4822, NULL, NULL, NULL),
(1262, 'Potrerillos', 4822, NULL, NULL, NULL),
(1263, 'Oritoguaz Centro Poblado', 4822, NULL, NULL, NULL),
(1264, 'Alto Oritoguaz', 4822, NULL, NULL, NULL),
(1265, 'Fatima', 4822, NULL, NULL, NULL),
(1266, 'Holguin', 4822, NULL, NULL, NULL),
(1267, 'Las Limas', 4822, NULL, NULL, NULL),
(1268, 'San Vicente', 4822, NULL, NULL, NULL),
(1269, 'Aguadas', 4822, NULL, NULL, NULL),
(1270, 'Las Delicias', 4822, NULL, NULL, NULL),
(1271, 'Gallardito', 4822, NULL, NULL, NULL),
(1272, 'El Viso Centro Poblado', 4822, NULL, NULL, NULL),
(1273, 'Progreso', 4822, NULL, NULL, NULL),
(1274, 'Laguneta', 4822, NULL, NULL, NULL),
(1275, 'Diamante', 4823, NULL, NULL, NULL),
(1276, 'Colina Campestre', 4823, NULL, NULL, NULL),
(1277, 'Rodrigo Lara', 4823, NULL, NULL, NULL),
(1278, 'Hornitos', 4823, NULL, NULL, NULL),
(1279, 'Villa del Prado', 4823, NULL, NULL, NULL),
(1280, 'Agrado', 4823, NULL, NULL, NULL),
(1281, 'Bajo Magdalena', 4823, NULL, NULL, NULL),
(1282, 'Palmeiras', 4823, NULL, NULL, NULL),
(1283, 'Marmol', 4823, NULL, NULL, NULL),
(1284, 'Paloquemao', 4823, NULL, NULL, NULL),
(1285, 'Canastos', 4823, NULL, NULL, NULL),
(1286, 'Cienaga Grande', 4823, NULL, NULL, NULL),
(1287, 'La Florida', 4823, NULL, NULL, NULL),
(1288, 'Belen', 4823, NULL, NULL, NULL),
(1289, 'Cienaga Chiquita', 4823, NULL, NULL, NULL),
(1290, 'Bajo Mondeyal', 4823, NULL, NULL, NULL),
(1291, 'Bellavista', 4823, NULL, NULL, NULL),
(1292, 'Campoalegre', 4823, NULL, NULL, NULL),
(1293, 'San Lorenzo', 4823, NULL, NULL, NULL),
(1294, 'Delicias', 4823, NULL, NULL, NULL),
(1295, 'Alto Mondeyal', 4823, NULL, NULL, NULL),
(1296, 'Triunfo', 4823, NULL, NULL, NULL),
(1297, 'Victoria', 4823, NULL, NULL, NULL),
(1298, 'Vega de Isnos', 4823, NULL, NULL, NULL),
(1299, 'Cambulos', 4823, NULL, NULL, NULL),
(1300, 'Capillas', 4823, NULL, NULL, NULL),
(1301, 'Plomadas', 4823, NULL, NULL, NULL),
(1302, 'Primavera', 4823, NULL, NULL, NULL),
(1303, 'Independencia', 4823, NULL, NULL, NULL),
(1304, 'Tigre', 4823, NULL, NULL, NULL),
(1305, 'Morti?o', 4823, NULL, NULL, NULL),
(1306, 'Ca?averal', 4823, NULL, NULL, NULL),
(1307, 'Guaduales', 4823, NULL, NULL, NULL),
(1308, 'Trebol', 4823, NULL, NULL, NULL),
(1309, 'Marqueza', 4823, NULL, NULL, NULL),
(1310, 'Bajo Planes', 4823, NULL, NULL, NULL),
(1311, 'Las Jarras', 4823, NULL, NULL, NULL),
(1312, 'Salto de Bordones Centro Poblado', 4823, NULL, NULL, NULL),
(1313, 'Buenos Aires', 4823, NULL, NULL, NULL),
(1314, 'Alto Planes', 4823, NULL, NULL, NULL),
(1315, 'Villa Nueva', 4823, NULL, NULL, NULL),
(1316, 'Alto Junin', 4823, NULL, NULL, NULL),
(1317, 'Muralla', 4823, NULL, NULL, NULL),
(1318, 'Salen', 4823, NULL, NULL, NULL),
(1319, 'Guacas', 4823, NULL, NULL, NULL),
(1320, 'Betania', 4823, NULL, NULL, NULL),
(1321, 'Idolos', 4823, NULL, NULL, NULL),
(1322, 'Porvenir', 4823, NULL, NULL, NULL),
(1323, 'Silvania', 4823, NULL, NULL, NULL),
(1324, 'Sinai', 4823, NULL, NULL, NULL),
(1325, 'Jardin', 4823, NULL, NULL, NULL),
(1326, 'Bajo Brisas', 4823, NULL, NULL, NULL),
(1327, 'Alto Brisas', 4823, NULL, NULL, NULL),
(1328, 'Granada', 4823, NULL, NULL, NULL),
(1329, 'Cabildo Indigena Yanacona Cienaga Grande', 4823, NULL, NULL, NULL),
(1330, 'Yarumal', 4823, NULL, NULL, NULL),
(1331, 'El Carmen', 4823, NULL, NULL, NULL),
(1332, 'Jerusalen', 4823, NULL, NULL, NULL),
(1333, 'Bajo Junin', 4823, NULL, NULL, NULL),
(1334, 'Rivera', 4823, NULL, NULL, NULL),
(1335, 'El Progreso', 4823, NULL, NULL, NULL),
(1336, 'San Vicente Centro Poblado', 4823, NULL, NULL, NULL),
(1337, 'Remolino', 4823, NULL, NULL, NULL),
(1338, 'Brisas del Magdalena', 4823, NULL, NULL, NULL),
(1339, 'Las Pizarras', 4824, NULL, NULL, NULL),
(1340, 'El Cerro', 4824, NULL, NULL, NULL),
(1341, 'La Caba?a', 4824, NULL, NULL, NULL),
(1342, 'El Tablon', 4824, NULL, NULL, NULL),
(1343, 'Bellavista', 4824, NULL, NULL, NULL),
(1344, 'San Roque', 4824, NULL, NULL, NULL),
(1345, 'Fatima', 4824, NULL, NULL, NULL),
(1346, 'Alto San Francisco', 4824, NULL, NULL, NULL),
(1347, 'Morelia', 4824, NULL, NULL, NULL),
(1348, 'Las Mercedes', 4824, NULL, NULL, NULL),
(1349, 'La Maica', 4824, NULL, NULL, NULL),
(1350, 'El Carmen Centro Poblado', 4824, NULL, NULL, NULL),
(1351, 'El Mirador', 4824, NULL, NULL, NULL),
(1352, 'La Esmeralda', 4824, NULL, NULL, NULL),
(1353, 'El Paraguay', 4824, NULL, NULL, NULL),
(1354, 'Vega Grande', 4824, NULL, NULL, NULL),
(1355, 'La Lajita', 4824, NULL, NULL, NULL),
(1356, 'Corinto', 4824, NULL, NULL, NULL),
(1357, 'San Martin Centro Poblado', 4824, NULL, NULL, NULL),
(1358, 'San Ciro', 4824, NULL, NULL, NULL),
(1359, 'Bajo Caparrosa', 4824, NULL, NULL, NULL),
(1360, 'Alto Caparrosa', 4824, NULL, NULL, NULL),
(1361, 'El Roble', 4824, NULL, NULL, NULL),
(1362, 'Santa Rosa', 4824, NULL, NULL, NULL),
(1363, 'La Esperanza', 4824, NULL, NULL, NULL),
(1364, 'El Paraguay', 4824, NULL, NULL, NULL),
(1365, 'Versalles', 4825, NULL, NULL, NULL),
(1366, 'Victoria', 4825, NULL, NULL, NULL),
(1367, 'Copalito', 4825, NULL, NULL, NULL),
(1368, 'San Marcos', 4825, NULL, NULL, NULL),
(1369, 'Monta?itas', 4825, NULL, NULL, NULL),
(1370, 'Saladito', 4825, NULL, NULL, NULL),
(1371, 'El Recreo', 4825, NULL, NULL, NULL),
(1372, 'Corinto', 4825, NULL, NULL, NULL),
(1373, 'Angeles', 4825, NULL, NULL, NULL),
(1374, 'Buenos Aires', 4825, NULL, NULL, NULL),
(1375, 'San Antonio', 4825, NULL, NULL, NULL),
(1376, 'Mercedes', 4825, NULL, NULL, NULL),
(1377, 'San Luis', 4825, NULL, NULL, NULL),
(1378, 'Los Olivos', 4825, NULL, NULL, NULL),
(1379, 'Jerico', 4825, NULL, NULL, NULL),
(1380, 'El Silencio', 4825, NULL, NULL, NULL),
(1381, 'Emaus', 4825, NULL, NULL, NULL),
(1382, 'El Jordan', 4825, NULL, NULL, NULL),
(1383, 'Las Juntas', 4825, NULL, NULL, NULL),
(1384, 'El Roble', 4825, NULL, NULL, NULL),
(1385, 'La Esperanza', 4825, NULL, NULL, NULL),
(1386, 'Montelibano', 4825, NULL, NULL, NULL),
(1387, 'San Isidro', 4825, NULL, NULL, NULL),
(1388, 'Sinai', 4825, NULL, NULL, NULL),
(1389, 'Samaria', 4825, NULL, NULL, NULL),
(1390, 'Las Delicias', 4825, NULL, NULL, NULL),
(1391, 'El Portal', 4825, NULL, NULL, NULL),
(1392, 'Santa Barbara', 4825, NULL, NULL, NULL),
(1393, 'Libano', 4825, NULL, NULL, NULL),
(1394, 'Jerusalen', 4825, NULL, NULL, NULL),
(1395, 'Mesopotamia', 4825, NULL, NULL, NULL),
(1396, 'El Tabor', 4825, NULL, NULL, NULL),
(1397, 'Guajira', 4825, NULL, NULL, NULL),
(1398, 'Villas del Macizo', 4825, NULL, NULL, NULL),
(1399, 'Los Pinos', 4825, NULL, NULL, NULL),
(1400, 'Quebradon', 4825, NULL, NULL, NULL),
(1401, 'La Reforma', 4825, NULL, NULL, NULL),
(1402, 'Fundador', 4825, NULL, NULL, NULL),
(1403, 'Union', 4825, NULL, NULL, NULL),
(1404, 'Primavera', 4825, NULL, NULL, NULL),
(1405, 'Betania', 4825, NULL, NULL, NULL),
(1406, 'Galilea', 4825, NULL, NULL, NULL),
(1407, 'Miraflores', 4825, NULL, NULL, NULL),
(1408, 'Belen', 4825, NULL, NULL, NULL),
(1409, 'Paraiso', 4825, NULL, NULL, NULL),
(1410, 'La Mesura', 4825, NULL, NULL, NULL),
(1411, 'El Carmelo', 4825, NULL, NULL, NULL),
(1412, 'Nazareth', 4825, NULL, NULL, NULL),
(1413, 'Chillurco Centro Poblado', 4826, NULL, NULL, NULL),
(1414, 'Barzaloza', 4826, NULL, NULL, NULL),
(1415, 'Laureles', 4826, NULL, NULL, NULL),
(1416, 'Lucitania', 4826, NULL, NULL, NULL),
(1417, 'San Martin de Porres', 4826, NULL, NULL, NULL),
(1418, 'Vegas de Alumbre', 4826, NULL, NULL, NULL),
(1419, 'Las Brisas', 4826, NULL, NULL, NULL),
(1420, 'El Rosal', 4826, NULL, NULL, NULL),
(1421, 'Montecristo', 4826, NULL, NULL, NULL),
(1422, 'Terminal', 4826, NULL, NULL, NULL),
(1423, 'El Maco', 4826, NULL, NULL, NULL),
(1424, 'Alto Del Magdalena', 4826, NULL, NULL, NULL),
(1425, 'Los Pinos', 4826, NULL, NULL, NULL),
(1426, 'Lomitas', 4826, NULL, NULL, NULL),
(1427, 'Puerto Lleras', 4826, NULL, NULL, NULL),
(1428, 'Aguadas', 4826, NULL, NULL, NULL),
(1429, 'La Meseta', 4826, NULL, NULL, NULL),
(1430, 'El Limon', 4826, NULL, NULL, NULL),
(1431, 'Cristo Rey', 4826, NULL, NULL, NULL),
(1432, 'Resinas', 4826, NULL, NULL, NULL),
(1433, 'Alto Cabuyal', 4826, NULL, NULL, NULL),
(1434, 'Monta?ita', 4826, NULL, NULL, NULL),
(1435, 'Cabuyo', 4826, NULL, NULL, NULL),
(1436, 'Charco del Oso', 4826, NULL, NULL, NULL),
(1437, 'Corinto', 4826, NULL, NULL, NULL),
(1438, 'Solarte', 4826, NULL, NULL, NULL),
(1439, 'Bellavista', 4826, NULL, NULL, NULL),
(1440, 'El Encanto', 4826, NULL, NULL, NULL),
(1441, 'Miraflores', 4826, NULL, NULL, NULL),
(1442, 'Alto de la Cruz', 4826, NULL, NULL, NULL),
(1443, 'El Palmito', 4826, NULL, NULL, NULL),
(1444, 'Anserma', 4826, NULL, NULL, NULL),
(1445, 'El Cedro', 4826, NULL, NULL, NULL),
(1446, 'Nueva Zelanda', 4826, NULL, NULL, NULL),
(1447, 'Chircal', 4826, NULL, NULL, NULL),
(1448, 'La Florida', 4826, NULL, NULL, NULL),
(1449, 'Diamante', 4826, NULL, NULL, NULL),
(1450, 'La Pradera', 4826, NULL, NULL, NULL),
(1451, 'Filo de Chillurco', 4826, NULL, NULL, NULL),
(1452, 'Betania', 4826, NULL, NULL, NULL),
(1453, 'Divino Ni?o', 4826, NULL, NULL, NULL),
(1454, 'Cafarnaun', 4826, NULL, NULL, NULL),
(1455, 'Normandia', 4826, NULL, NULL, NULL),
(1456, 'Vista Hermosa', 4826, NULL, NULL, NULL),
(1457, 'Las Palmeras', 4826, NULL, NULL, NULL),
(1458, 'Paraiso - Charguayaco', 4826, NULL, NULL, NULL),
(1459, 'Costa Rica', 4826, NULL, NULL, NULL),
(1460, 'Charguayaco Centro Poblado', 4826, NULL, NULL, NULL),
(1461, 'Barranquilla', 4826, NULL, NULL, NULL),
(1462, 'Santa Rosa', 4826, NULL, NULL, NULL),
(1463, 'Palmarito Centro Poblado', 4826, NULL, NULL, NULL),
(1464, 'Honda Porvenir', 4826, NULL, NULL, NULL),
(1465, 'Bombonal', 4826, NULL, NULL, NULL),
(1466, 'Kenedy', 4826, NULL, NULL, NULL),
(1467, 'Santa fe', 4826, NULL, NULL, NULL),
(1468, 'La Manuelita', 4826, NULL, NULL, NULL),
(1469, 'El Mirador', 4826, NULL, NULL, NULL),
(1470, 'El Bombo', 4826, NULL, NULL, NULL),
(1471, 'Arrayanes', 4826, NULL, NULL, NULL),
(1472, 'La Castilla', 4826, NULL, NULL, NULL),
(1473, 'Hacienda Laboyos', 4826, NULL, NULL, NULL),
(1474, 'Santa Ines', 4826, NULL, NULL, NULL),
(1475, 'Llano Grande', 4826, NULL, NULL, NULL),
(1476, 'San Francisco', 4826, NULL, NULL, NULL),
(1477, 'Contador', 4826, NULL, NULL, NULL),
(1478, 'Camberos', 4826, NULL, NULL, NULL),
(1479, 'Rincon del Contador', 4826, NULL, NULL, NULL),
(1480, 'Agua Negra', 4826, NULL, NULL, NULL),
(1481, 'Monte Bonito', 4826, NULL, NULL, NULL),
(1482, 'El Carmen', 4826, NULL, NULL, NULL),
(1483, 'Primavera', 4826, NULL, NULL, NULL),
(1484, 'La Esmeralda', 4826, NULL, NULL, NULL),
(1485, 'Miravalle', 4826, NULL, NULL, NULL),
(1486, 'Girasol', 4826, NULL, NULL, NULL),
(1487, 'Regueros', 4826, NULL, NULL, NULL),
(1488, 'Alto Sinai', 4826, NULL, NULL, NULL),
(1489, 'Paraiso Acacos', 4826, NULL, NULL, NULL),
(1490, 'La Sibila', 4826, NULL, NULL, NULL),
(1491, 'Raicita', 4826, NULL, NULL, NULL),
(1492, 'Paraiso - La Palma', 4826, NULL, NULL, NULL),
(1493, 'La Parada', 4826, NULL, NULL, NULL),
(1494, 'Andes - Palmito', 4826, NULL, NULL, NULL),
(1495, 'El Porvenir', 4826, NULL, NULL, NULL),
(1496, 'Macal', 4826, NULL, NULL, NULL),
(1497, 'Santa Rita', 4826, NULL, NULL, NULL),
(1498, 'Zanjones', 4826, NULL, NULL, NULL),
(1499, 'La Palma', 4826, NULL, NULL, NULL),
(1500, 'El Diviso', 4826, NULL, NULL, NULL),
(1501, 'Cerritos', 4826, NULL, NULL, NULL),
(1502, 'Cabeceras', 4826, NULL, NULL, NULL),
(1503, 'La Union', 4826, NULL, NULL, NULL),
(1504, 'El Remolino', 4826, NULL, NULL, NULL),
(1505, 'La Laguna Centro Poblado', 4826, NULL, NULL, NULL),
(1506, 'Siete de Agosto', 4826, NULL, NULL, NULL),
(1507, 'Laguna Verde', 4826, NULL, NULL, NULL),
(1508, 'Albania', 4826, NULL, NULL, NULL),
(1509, 'San Martin de Porres', 4826, NULL, NULL, NULL),
(1510, 'Betania', 4826, NULL, NULL, NULL),
(1511, 'El Jardin', 4826, NULL, NULL, NULL),
(1512, 'Pedregal', 4826, NULL, NULL, NULL),
(1513, 'La Paz', 4826, NULL, NULL, NULL),
(1514, 'Palmar del Criollo', 4826, NULL, NULL, NULL),
(1515, 'Criollo Centro Poblado', 4826, NULL, NULL, NULL),
(1516, 'Ingali', 4826, NULL, NULL, NULL),
(1517, 'Hacienda Bruselas', 4826, NULL, NULL, NULL),
(1518, 'Guandinosa', 4826, NULL, NULL, NULL),
(1519, 'Bruselas Centro Poblado', 4826, NULL, NULL, NULL),
(1520, 'Las Granjas', 4826, NULL, NULL, NULL),
(1521, 'Caba?a Venecia', 4826, NULL, NULL, NULL),
(1522, 'San Luis', 4826, NULL, NULL, NULL),
(1523, 'Cabuyal del Cedro', 4826, NULL, NULL, NULL),
(1524, 'La Estrella', 4826, NULL, NULL, NULL),
(1525, 'Holanda', 4826, NULL, NULL, NULL),
(1526, 'Santa Helena', 4826, NULL, NULL, NULL),
(1527, 'El Triunfo', 4826, NULL, NULL, NULL),
(1528, 'Rumiyaco', 4826, NULL, NULL, NULL),
(1529, 'El Tigre', 4826, NULL, NULL, NULL),
(1530, 'Villa Del Rio', 4826, NULL, NULL, NULL),
(1531, 'Campo Bello', 4826, NULL, NULL, NULL),
(1532, 'Libano', 4826, NULL, NULL, NULL),
(1533, 'Las Colinas', 4826, NULL, NULL, NULL),
(1534, 'El Recuerdo', 4826, NULL, NULL, NULL),
(1535, 'Danubio', 4826, NULL, NULL, NULL),
(1536, 'La Reserva', 4826, NULL, NULL, NULL),
(1537, 'Versalles', 4826, NULL, NULL, NULL),
(1538, 'La Esperanza', 4826, NULL, NULL, NULL),
(1539, 'Morti?al', 4826, NULL, NULL, NULL),
(1540, 'La Coneca', 4826, NULL, NULL, NULL),
(1541, 'Buenos Aires', 4826, NULL, NULL, NULL),
(1542, 'Guacacallo Centro Poblado', 4826, NULL, NULL, NULL),
(1543, 'El Tabacal', 4826, NULL, NULL, NULL),
(1544, 'El Pencil', 4826, NULL, NULL, NULL),
(1545, 'El Guamal', 4826, NULL, NULL, NULL),
(1546, 'Risaralda', 4826, NULL, NULL, NULL),
(1547, 'Monserrate', 4826, NULL, NULL, NULL),
(1548, 'Higueron', 4826, NULL, NULL, NULL),
(1549, 'Higueron', 4826, NULL, NULL, NULL),
(1550, 'Cristalina', 4826, NULL, NULL, NULL),
(1551, 'El Meson', 4826, NULL, NULL, NULL),
(1552, 'Calamo', 4826, NULL, NULL, NULL),
(1553, 'Villa Fatima', 4826, NULL, NULL, NULL),
(1554, 'Alto Girasol', 4827, NULL, NULL, NULL),
(1555, 'Neme', 4827, NULL, NULL, NULL),
(1556, 'Vega Chiquita', 4827, NULL, NULL, NULL),
(1557, 'Vista Hermosa', 4827, NULL, NULL, NULL),
(1558, 'Diamante', 4827, NULL, NULL, NULL),
(1559, 'Las Moras', 4827, NULL, NULL, NULL),
(1560, 'Las Mercedes', 4827, NULL, NULL, NULL),
(1561, 'Buenos Aires', 4827, NULL, NULL, NULL),
(1562, 'Alto Medianias', 4827, NULL, NULL, NULL),
(1563, 'Bajo Medianias', 4827, NULL, NULL, NULL),
(1564, 'Triunfo', 4827, NULL, NULL, NULL),
(1565, 'Capillas', 4827, NULL, NULL, NULL),
(1566, 'Cedro', 4827, NULL, NULL, NULL),
(1567, 'Paraiso la Chilca', 4827, NULL, NULL, NULL),
(1568, 'Palma', 4827, NULL, NULL, NULL),
(1569, 'Pirulinda', 4827, NULL, NULL, NULL),
(1570, 'La Argentina', 4827, NULL, NULL, NULL),
(1571, 'San Rafael', 4827, NULL, NULL, NULL),
(1572, 'Las Pitas', 4827, NULL, NULL, NULL),
(1573, 'Porvenir', 4827, NULL, NULL, NULL),
(1574, 'Brisas', 4827, NULL, NULL, NULL),
(1575, 'El Alto', 4827, NULL, NULL, NULL),
(1576, 'Bolivia', 4827, NULL, NULL, NULL),
(1577, 'Piedratajada', 4827, NULL, NULL, NULL),
(1578, 'Providencia', 4827, NULL, NULL, NULL),
(1579, 'Pedregal', 4827, NULL, NULL, NULL),
(1580, 'San Andres', 4827, NULL, NULL, NULL),
(1581, 'Primavera', 4827, NULL, NULL, NULL),
(1582, 'Gramalote', 4827, NULL, NULL, NULL),
(1583, 'Cambulos', 4827, NULL, NULL, NULL),
(1584, 'Guayabito', 4827, NULL, NULL, NULL),
(1585, 'Palmar', 4827, NULL, NULL, NULL),
(1586, 'Esperanza', 4827, NULL, NULL, NULL),
(1587, 'Rosal', 4827, NULL, NULL, NULL),
(1588, 'Oritoguaz', 4827, NULL, NULL, NULL),
(1589, 'Bajo Girasol', 4827, NULL, NULL, NULL),
(1590, 'Las Pitas', 4827, NULL, NULL, NULL),
(1591, 'Caba?a Centro Poblado', 4827, NULL, NULL, NULL),
(1592, 'Morelia Centro Poblado', 4827, NULL, NULL, NULL),
(1593, 'Alto Frutal', 4828, NULL, NULL, NULL),
(1594, 'La Palmita', 4828, NULL, NULL, NULL),
(1595, 'Alto Canelo', 4828, NULL, NULL, NULL),
(1596, 'El Oso', 4828, NULL, NULL, NULL),
(1597, 'Centro', 4828, NULL, NULL, NULL),
(1598, 'Naranjitos', 4828, NULL, NULL, NULL),
(1599, 'Lucitania', 4828, NULL, NULL, NULL),
(1600, 'Cascajal', 4828, NULL, NULL, NULL),
(1601, 'Bajo Frutal', 4828, NULL, NULL, NULL),
(1602, 'Yarumal Centro Poblado', 4828, NULL, NULL, NULL),
(1603, 'Las Delicias', 4828, NULL, NULL, NULL),
(1604, 'La Esperanza', 4828, NULL, NULL, NULL),
(1605, 'San Antonio Centro Poblado', 4828, NULL, NULL, NULL),
(1606, 'La Castellana', 4828, NULL, NULL, NULL),
(1607, 'El Mirador', 4828, NULL, NULL, NULL),
(1608, 'Llanada de Naranjos', 4828, NULL, NULL, NULL),
(1609, 'Lavaderos', 4828, NULL, NULL, NULL),
(1610, 'Los Pinos', 4828, NULL, NULL, NULL),
(1611, 'El Rosario', 4828, NULL, NULL, NULL),
(1612, 'Los Robles Centro Poblado', 4828, NULL, NULL, NULL),
(1613, 'Nazaret', 4828, NULL, NULL, NULL),
(1614, 'El Pedregal', 4828, NULL, NULL, NULL),
(1615, 'Sevilla Centro Poblado', 4828, NULL, NULL, NULL),
(1616, 'El Tabor', 4828, NULL, NULL, NULL),
(1617, 'La Muralla', 4828, NULL, NULL, NULL),
(1618, 'Alto de las Chinas Centro Poblado', 4828, NULL, NULL, NULL),
(1619, 'Alto Naranjos', 4828, NULL, NULL, NULL),
(1620, 'San Lorenzo Centro Poblado', 4828, NULL, NULL, NULL),
(1621, 'La Federacion', 4828, NULL, NULL, NULL),
(1622, 'Alto del Obispo Centro Poblado', 4828, NULL, NULL, NULL),
(1623, 'El Cedro', 4828, NULL, NULL, NULL),
(1624, 'El Playon', 4828, NULL, NULL, NULL),
(1625, 'Simon Bolivar Centro Poblado', 4828, NULL, NULL, NULL),
(1626, 'Los Sauces', 4828, NULL, NULL, NULL),
(1627, 'Alto Quinchana Centro Poblado', 4828, NULL, NULL, NULL),
(1628, 'La Cuchilla', 4828, NULL, NULL, NULL),
(1629, 'Nueva Zelanda', 4828, NULL, NULL, NULL),
(1630, 'El Quebradon Centro Poblado', 4828, NULL, NULL, NULL),
(1631, 'El Tablon', 4828, NULL, NULL, NULL),
(1632, 'El Purutal Centro Poblado', 4828, NULL, NULL, NULL),
(1633, 'La Florida', 4828, NULL, NULL, NULL),
(1634, 'La Antigua', 4828, NULL, NULL, NULL),
(1635, 'Quebradillas Centro Poblado', 4828, NULL, NULL, NULL),
(1636, 'Mesitas', 4828, NULL, NULL, NULL),
(1637, 'Candela', 4828, NULL, NULL, NULL),
(1638, 'Luis Carlos Galan', 4828, NULL, NULL, NULL),
(1639, 'La Chaquira', 4828, NULL, NULL, NULL),
(1640, 'Salda?a Centro Poblado', 4828, NULL, NULL, NULL),
(1641, 'Timanco Centro Poblado', 4828, NULL, NULL, NULL),
(1642, 'Resinas Centro Poblado', 4828, NULL, NULL, NULL),
(1643, 'Eucaliptos', 4828, NULL, NULL, NULL),
(1644, 'El Carmen', 4828, NULL, NULL, NULL),
(1645, 'La Magdalena', 4828, NULL, NULL, NULL),
(1646, 'Agua Bendita', 4828, NULL, NULL, NULL),
(1647, 'El Barniz', 4828, NULL, NULL, NULL),
(1648, 'Los Cauchos', 4828, NULL, NULL, NULL),
(1649, 'Matanzas', 4828, NULL, NULL, NULL),
(1650, 'La Tribuna', 4828, NULL, NULL, NULL),
(1651, 'El Paraiso', 4828, NULL, NULL, NULL),
(1652, 'Obando', 4828, NULL, NULL, NULL),
(1653, 'Arauca 2', 4828, NULL, NULL, NULL),
(1654, 'Arauca 1', 4828, NULL, NULL, NULL),
(1655, 'Platanares Centro Poblado', 4828, NULL, NULL, NULL),
(1656, 'Chontillal', 4828, NULL, NULL, NULL),
(1657, 'Villa Fatima Centro Poblado', 4828, NULL, NULL, NULL),
(1658, 'La Perdiz', 4828, NULL, NULL, NULL),
(1659, 'La Estrella', 4828, NULL, NULL, NULL),
(1660, 'Kenedy', 4828, NULL, NULL, NULL),
(1661, 'Las Eras', 4828, NULL, NULL, NULL),
(1662, 'El Palmar', 4828, NULL, NULL, NULL),
(1663, 'La Argelia', 4828, NULL, NULL, NULL),
(1664, 'La Ermita', 4828, NULL, NULL, NULL),
(1665, 'Marbella', 4828, NULL, NULL, NULL),
(1666, 'Barcelona', 4828, NULL, NULL, NULL),
(1667, 'Vega de Quinchana Centro Poblado', 4828, NULL, NULL, NULL),
(1668, 'La Aguada', 4828, NULL, NULL, NULL),
(1669, 'La Gaitana', 4828, NULL, NULL, NULL),
(1670, 'El Retiro', 4828, NULL, NULL, NULL),
(1671, 'Pe?as Blancas', 4828, NULL, NULL, NULL),
(1672, 'El Jabon', 4828, NULL, NULL, NULL),
(1673, 'La Pradera', 4828, NULL, NULL, NULL),
(1674, 'Santa Monica Centro Poblado', 4828, NULL, NULL, NULL),
(1675, 'La Argentina', 4828, NULL, NULL, NULL),
(1676, 'Buenos Aires', 4828, NULL, NULL, NULL),
(1677, 'Alto Matanzas', 4828, NULL, NULL, NULL),
(1678, 'Los Andes', 4828, NULL, NULL, NULL),
(1679, 'Santa Clara Centro Poblado', 4828, NULL, NULL, NULL),
(1680, 'Buenos Aires', 4829, NULL, NULL, NULL),
(1681, 'Limo Santa Clara', 4829, NULL, NULL, NULL),
(1682, 'Sabaneta', 4829, NULL, NULL, NULL),
(1683, 'San Antonio', 4829, NULL, NULL, NULL),
(1684, 'La Minchala', 4829, NULL, NULL, NULL),
(1685, 'Las Mercedes', 4829, NULL, NULL, NULL),
(1686, 'Juan Martin', 4829, NULL, NULL, NULL),
(1687, 'Baja Santa Barbara', 4829, NULL, NULL, NULL),
(1688, 'Cascajal', 4829, NULL, NULL, NULL),
(1689, 'Pantanos', 4829, NULL, NULL, NULL),
(1690, 'Palmito', 4829, NULL, NULL, NULL),
(1691, 'Alta Santa Barbara', 4829, NULL, NULL, NULL),
(1692, 'Quinche', 4829, NULL, NULL, NULL),
(1693, 'San Isidro', 4829, NULL, NULL, NULL),
(1694, 'San Calixto', 4829, NULL, NULL, NULL),
(1695, 'Camenzo', 4829, NULL, NULL, NULL),
(1696, 'San Marcos', 4829, NULL, NULL, NULL),
(1697, 'El Diviso', 4829, NULL, NULL, NULL),
(1698, 'Mantagua', 4829, NULL, NULL, NULL),
(1699, 'Mateo Rico', 4829, NULL, NULL, NULL),
(1700, 'El Tejar', 4829, NULL, NULL, NULL),
(1701, 'Santafe', 4829, NULL, NULL, NULL),
(1702, 'La Florida', 4829, NULL, NULL, NULL),
(1703, 'Criollo', 4829, NULL, NULL, NULL),
(1704, 'Alto Naranjal', 4829, NULL, NULL, NULL),
(1705, 'El Palmo', 4829, NULL, NULL, NULL),
(1706, 'La Esperanza', 4829, NULL, NULL, NULL),
(1707, 'Cosanza Centro Poblado', 4829, NULL, NULL, NULL),
(1708, 'Naranjal Centro Poblado', 4829, NULL, NULL, NULL),
(1709, 'El Pedregal', 4829, NULL, NULL, NULL),
(1710, 'La Falda', 4829, NULL, NULL, NULL),
(1711, 'La Pencua', 4829, NULL, NULL, NULL),
(1712, 'Piragua', 4829, NULL, NULL, NULL),
(1713, 'Sicande', 4829, NULL, NULL, NULL),
(1714, 'Paquies', 4829, NULL, NULL, NULL),
(1715, 'Loma Larga', 4829, NULL, NULL, NULL),
(1716, 'Aguas Claras', 4829, NULL, NULL, NULL),
(1717, 'Monta?ita', 4829, NULL, NULL, NULL),
(1718, 'Tobo', 4829, NULL, NULL, NULL),
(1719, 'Mesitas', 4802, NULL, NULL, NULL),
(1720, 'Ulloa', 4802, NULL, NULL, NULL),
(1721, 'Rio Neiva', 4796, NULL, NULL, NULL),
(1722, 'Alto Nilo', 4801, NULL, NULL, NULL);

--
-- Dumping data for table `studies`
--

INSERT INTO `studies` (`id`, `producer_id`, `monitoring`, `village_id`, `typology`, `altitud`, `pH`, `Ar`, `Arc`, `Lim`, `CE`, `COT`, `MO`, `N`, `P`, `Na`, `K`, `Ca`, `Mg`, `Mn`, `Fe`, `Zn`, `Cu`, `CIC`, `B`, `S`, `Cd`, `Het`, `Hon`, `Bac`, `For`, `Lum`, `Isop`, `Cole`, `Car`, `IPyE`, `IE`, `IP`, `PPC`, `PC`, `Pre`, `Tem`, `Rad`, `DPV`, `ET0`, `ETc`, `EPE`, `SHP`, `UC`, `CFT`, `EPL`, `deleted_at`, `created_at`, `updated_at`) VALUES
(1, 1, 2021, 1719, 'Hibrido - Clon', 882, 6.800, 90.620, 3.330, 6.050, 0.070, 3.790, 6.530, 0.330, 3.520, 0.580, 0.807, 0.270, 1.440, 78.840, 13.050, 1.460, 0.270, 17.790, 0.110, 1.350, 1.428, 4.640, 4.100, 4.300, 16.000, 32.000, 0.000, 0.000, 40.000, 9.491, 5.556, 3.935, 51.376, 489.950, 665.188, 19.114, 2158.450, 37.971, 479.954, 494.353, 6.000, 0.705, 1395.680, 1.547, 468.752, NULL, NULL, NULL),
(2, 1, 2021, 1719, 'Hibrido', 877, 6.800, 90.630, 3.320, 6.040, 0.080, 3.210, 5.540, 0.280, 14.890, 1.136, 0.694, 1.590, 1.750, 77.970, 15.810, 1.090, 0.320, 18.720, 1.360, 1.510, 0.086, 5.340, 4.650, 4.060, 88.000, 8.000, 0.000, 0.000, 38.000, 16.415, 14.471, 1.944, 96.768, 492.754, 665.188, 19.114, 2158.450, 37.971, 479.954, 494.352, 6.000, 0.705, 1395.680, 1.547, 468.752, NULL, NULL, NULL),
(3, 2, 2021, 1719, 'Hibrido', 852, 6.900, 90.620, 3.330, 6.050, 0.150, 3.710, 6.390, 0.320, 7.680, 0.501, 0.469, 1.880, 1.670, 78.520, 6.550, 2.570, 0.190, 20.670, 0.600, 1.490, 1.377, 5.650, 4.000, 4.150, 48.000, 8.000, 0.000, 8.000, 35.000, 14.935, 9.740, 5.195, 86.462, 492.457, 674.606, 19.114, 2158.450, 37.971, 479.954, 494.353, 5.000, 0.722, 1395.680, 1.547, 487.160, NULL, NULL, NULL),
(4, 3, 2021, 1719, 'Hibrido', 891, 7.000, 90.590, 3.340, 6.070, 0.100, 3.770, 6.490, 0.320, 27.180, 0.481, 0.309, 6.340, 1.810, 75.910, 9.900, 2.080, 0.260, 18.250, 1.790, 2.110, 1.170, 5.490, 4.400, 4.060, 16.000, 32.000, 0.000, 0.000, 38.000, 2.212, 0.000, 2.212, 6.366, 281.392, 665.188, 19.114, 2158.450, 37.971, 479.953, 494.352, 6.000, 0.705, 1395.680, 1.547, 468.752, NULL, NULL, NULL),
(5, 4, 2021, 1720, 'Clon', 857, 7.000, 78.050, 3.400, 18.550, 0.040, 2.320, 3.990, 0.200, 24.010, 1.874, 0.373, 3.350, 1.700, 72.710, 27.520, 11.970, 0.890, 5.350, 1.690, 1.600, 2.792, 5.040, 4.700, 1.000, 72.000, 0.000, 0.000, 0.000, 70.000, 12.560, 7.000, 5.560, 35.160, 235.000, 639.222, 20.407, 2158.450, 65.637, 562.515, 579.391, 5.000, 0.726, 1574.135, 1.371, 464.128, NULL, NULL, NULL),
(6, 4, 2021, 1720, 'Hibrido', 794, 6.600, 79.670, 3.350, 16.970, 0.050, 4.290, 7.400, 0.370, 17.950, 0.687, 0.524, 6.420, 2.210, 69.880, 11.280, 2.440, 0.310, 22.340, 0.460, 0.940, 2.630, 4.850, 4.600, 1.000, 0.000, 40.000, 0.000, 0.000, 60.000, 10.590, 7.100, 3.490, 56.700, 437.000, 639.222, 20.407, 2158.450, 65.637, 562.515, 579.391, 5.000, 0.726, 1574.135, 1.371, 464.128, NULL, NULL, NULL),
(7, 5, 2021, 1720, 'Hibrido', 672, 6.200, 79.700, 3.350, 16.950, 0.100, 3.000, 5.180, 0.260, 3.850, 0.304, 0.323, 5.720, 1.860, 60.010, 18.770, 3.610, 0.520, 19.580, 0.230, 1.360, 1.136, 4.300, 4.180, 1.000, 32.000, 48.000, 0.000, 8.000, 86.000, 16.974, 5.904, 11.070, 50.547, 247.240, 639.222, 20.407, 2158.450, 65.637, 562.521, 579.396, 5.000, 0.726, 1574.135, 1.371, 464.128, NULL, NULL, NULL),
(8, 5, 2021, 1720, 'Hibrido', 666, 6.400, 81.750, 3.350, 14.910, 0.050, 2.930, 5.050, 0.250, 3.520, 0.421, 0.367, 0.190, 1.990, 62.930, 23.040, 4.370, 0.530, 20.130, 1.490, 0.980, 1.337, 4.330, 4.100, 1.000, 800.000, 40.000, 0.000, 0.000, 67.000, 8.145, 3.167, 4.977, 19.779, 223.066, 639.222, 20.407, 2158.450, 65.637, 562.521, 579.396, 5.000, 0.726, 1574.135, 1.371, 464.128, NULL, NULL, NULL),
(9, 6, 2021, 437, 'Clon', 644, 6.700, 88.610, 3.330, 8.060, 0.060, 2.860, 4.930, 0.250, 68.220, 0.487, 0.725, 3.410, 1.490, 70.040, 34.950, 8.060, 1.080, 14.400, 0.030, 1.390, 1.784, 4.190, 4.000, 1.000, 0.000, 56.000, 0.000, 16.000, 55.000, 11.773, 9.608, 2.165, 71.380, 534.942, 631.064, 20.407, 2158.450, 65.637, 562.505, 579.381, 5.000, 0.737, 1574.135, 1.371, 465.006, NULL, NULL, NULL),
(10, 6, 2021, 437, 'Hibrido', 658, 7.000, 88.600, 3.330, 8.070, 0.090, 3.070, 5.290, 0.260, 77.720, 0.921, 1.170, 1.290, 1.920, 79.280, 54.180, 23.040, 1.690, 23.070, 2.010, 1.520, 0.098, 3.810, 3.650, 4.220, 0.000, 72.000, 0.000, 0.000, 40.000, 15.750, 11.887, 3.863, 83.782, 448.156, 631.064, 20.407, 2158.450, 65.637, 562.505, 579.381, 5.000, 0.737, 1574.135, 1.371, 465.006, NULL, NULL, NULL),
(11, 7, 2021, 398, 'Hibrido - Clon', 1145, 5.900, 71.640, 6.080, 22.280, 0.040, 2.370, 4.080, 0.200, 4.010, 1.232, 0.542, 0.840, 1.860, 71.600, 50.270, 2.520, 0.920, 18.870, 0.130, 0.080, 1.179, 2.700, 3.850, 3.880, 40.000, 80.000, 0.000, 8.000, 36.000, 32.857, 31.786, 1.071, 116.296, 237.648, 599.196, 19.793, 2158.450, 67.910, 575.241, 592.498, 7.000, 0.690, 1489.400, 1.449, 413.645, NULL, NULL, NULL),
(12, 7, 2021, 398, 'Hibrido - Clon', 1165, 5.600, 63.550, 6.070, 30.370, 0.020, 1.360, 2.340, 0.120, 8.280, 0.743, 0.254, 0.880, 1.210, 66.670, 60.700, 0.970, 1.420, 16.800, 0.800, 0.460, 2.040, 3.400, 3.540, 3.700, 824.000, 40.000, 0.000, 8.000, 40.000, 24.028, 22.968, 1.060, 85.958, 271.778, 599.196, 19.793, 2158.450, 67.910, 575.241, 592.498, 7.000, 0.690, 1489.400, 1.449, 413.645, NULL, NULL, NULL),
(13, 8, 2021, 398, 'Hibrido - Clon', 1111, 5.500, 80.270, 12.270, 7.460, 0.050, 2.260, 3.900, 0.200, 1.010, 0.490, 0.600, 0.380, 0.940, 19.940, 142.400, 1.230, 1.230, 20.900, 0.930, 3.340, 1.284, 4.880, 4.400, 3.810, 16.000, 56.000, 80.000, 0.000, 0.000, 12.621, 9.709, 2.913, 55.135, 381.704, 599.196, 19.793, 2158.450, 67.910, 575.239, 592.497, 7.000, 0.690, 1489.400, 1.449, 413.645, NULL, NULL, NULL),
(14, 9, 2021, 398, 'Hibrido', 1053, 5.900, 86.550, 4.050, 9.410, 0.040, 2.550, 4.400, 0.220, 2.540, 0.506, 0.365, 1.230, 1.600, 77.770, 59.400, 2.580, 1.990, 19.250, 0.390, 1.580, 0.067, 3.900, 3.300, 4.000, 1600.000, 80.000, 0.000, 0.000, 0.000, 10.103, 5.773, 4.330, 87.265, 776.481, 599.196, 19.793, 2158.450, 67.910, 575.237, 592.494, 7.000, 0.690, 1489.400, 1.449, 413.645, NULL, NULL, NULL),
(15, 9, 2021, 398, 'Clon', 1034, 5.700, 67.620, 4.050, 28.330, 0.050, 2.130, 3.680, 0.180, 0.350, 0.656, 0.753, 0.490, 1.380, 70.430, 122.430, 2.120, 2.230, 15.790, 1.590, 1.100, 1.176, 4.480, 4.000, 4.270, 0.000, 160.000, 0.000, 0.000, 0.000, 5.128, 3.663, 1.465, 22.356, 413.587, 599.196, 19.793, 2158.450, 67.910, 575.237, 592.494, 7.000, 0.690, 1489.400, 1.449, 413.645, NULL, NULL, NULL),
(16, 9, 2021, 398, 'Clon', 1051, 5.500, 69.340, 4.490, 26.170, 0.080, 3.090, 5.330, 0.270, 1.010, 0.805, 0.859, 0.450, 1.520, 41.950, 93.930, 0.700, 1.630, 24.510, 0.750, 0.870, 0.942, 3.700, 4.000, 2.060, 0.000, 160.000, 0.000, 0.000, 0.000, 0.000, 0.000, 0.000, 0.000, 311.372, 599.196, 19.793, 2158.450, 67.910, 575.237, 592.494, 7.000, 0.690, 1489.400, 1.449, 413.645, NULL, NULL, NULL),
(17, 10, 2021, 398, 'Hibrido', 1069, 5.900, 74.370, 4.050, 21.580, 0.050, 2.070, 3.560, 0.180, 4.780, 0.568, 0.645, 0.470, 1.180, 76.130, 100.330, 2.840, 1.280, 16.400, 1.550, 1.270, 0.110, 2.930, 3.620, 2.700, 800.000, 112.000, 0.000, 24.000, 21.857, 1.939, 0.000, 1.939, 13.540, 684.716, 599.196, 19.793, 2158.450, 67.910, 575.236, 592.493, 7.000, 0.690, 1489.400, 1.449, 413.645, NULL, NULL, NULL),
(18, 11, 2021, 444, 'Hibrido - Clon', 585, 6.100, 81.820, 4.040, 14.140, 0.060, 2.390, 4.120, 0.210, 18.600, 0.588, 0.511, 1.120, 1.330, 69.950, 64.800, 4.320, 1.110, 15.980, 0.660, 1.620, 1.526, 3.810, 4.480, 1.000, 40.000, 8.000, 0.000, 0.000, 35.000, 11.948, 4.156, 7.792, 93.472, 688.846, 649.483, 20.407, 2158.450, 65.637, 562.517, 579.392, 5.000, 0.737, 1574.135, 1.371, 478.585, NULL, NULL, NULL),
(19, 11, 2021, 444, 'Hibrido', 573, 6.300, 84.490, 4.050, 11.450, 0.060, 2.380, 4.110, 0.210, 11.830, 0.272, 0.534, 1.020, 1.270, 70.010, 14.800, 4.120, 0.650, 15.630, 1.250, 1.910, 1.498, 3.410, 3.880, 1.000, 0.000, 40.000, 0.000, 0.000, 20.000, 13.566, 8.951, 4.615, 137.042, 873.112, 649.483, 20.407, 2158.450, 65.637, 562.517, 579.392, 5.000, 0.737, 1574.135, 1.371, 478.585, NULL, NULL, NULL),
(20, 11, 2021, 429, 'Hibrido', 812, 6.100, 70.560, 4.020, 25.420, 0.030, 0.680, 1.170, 0.060, 26.200, 0.585, 0.237, 0.270, 0.460, 58.650, 118.130, 3.030, 8.430, 8.150, 0.040, 0.750, 1.746, 4.480, 4.650, 1.000, 40.000, 56.000, 0.000, 8.000, 40.000, 10.080, 8.488, 1.592, 43.413, 387.292, 643.843, 20.407, 2158.450, 65.637, 562.504, 579.379, 5.000, 0.729, 1574.135, 1.371, 469.675, NULL, NULL, NULL),
(21, 12, 2021, 429, 'Clon', 716, 6.500, 82.440, 5.080, 12.490, 0.080, 4.000, 6.890, 0.340, 17.410, 0.868, 0.664, 7.810, 0.510, 72.920, 30.550, 12.750, 0.420, 16.950, 0.468, 1.370, 2.171, 4.540, 4.000, 2.700, 0.000, 56.000, 0.000, 0.000, 80.000, 2.559, 0.548, 2.011, 11.567, 440.365, 643.843, 20.407, 2158.450, 65.637, 562.510, 579.385, 5.000, 0.729, 1574.135, 1.371, 469.675, NULL, NULL, NULL),
(22, 12, 2021, 429, 'Hibrido', 714, 6.600, 80.380, 5.080, 14.530, 0.070, 3.740, 6.450, 0.320, 11.410, 0.904, 0.439, 1.390, 1.700, 78.480, 17.740, 14.120, 0.640, 18.780, 0.856, 1.400, 2.640, 3.740, 3.400, 1.300, 0.000, 104.000, 0.000, 0.000, 45.000, 1.905, 1.270, 0.635, 6.686, 344.312, 643.843, 20.407, 2158.450, 65.637, 562.510, 579.385, 5.000, 0.729, 1574.135, 1.371, 469.675, NULL, NULL, NULL),
(23, 13, 2021, 147, 'Clon', 639, 6.700, 82.270, 5.120, 12.610, 0.070, 3.550, 6.110, 0.310, 27.750, 0.842, 0.687, 4.560, 3.800, 69.460, 17.730, 9.250, 1.590, 20.050, 0.325, 1.320, 1.991, 5.060, 3.600, 1.850, 0.000, 32.000, 240.000, 0.000, 63.545, 14.153, 10.209, 3.944, 76.745, 465.502, 664.626, 19.114, 2158.450, 37.971, 479.930, 494.328, 7.000, 0.690, 1395.680, 1.547, 458.394, NULL, NULL, NULL),
(24, 13, 2021, 147, 'Hibrido', 628, 6.800, 80.400, 5.080, 14.530, 0.080, 3.010, 5.190, 0.260, 12.670, 0.624, 0.504, 1.870, 1.890, 73.030, 54.190, 2.510, 0.480, 19.060, 0.777, 1.820, 1.491, 4.950, 4.810, 2.000, 0.000, 48.000, 120.000, 16.000, 69.600, 13.107, 9.951, 3.155, 67.938, 450.405, 664.626, 19.114, 2158.450, 37.971, 479.930, 494.328, 7.000, 0.690, 1395.680, 1.547, 458.394, NULL, NULL, NULL),
(25, 14, 2021, 129, 'Hibrido', 536, 7.000, 64.010, 5.100, 30.890, 0.040, 1.750, 3.020, 0.150, 45.180, 1.083, 0.499, 1.100, 1.900, 69.780, 36.240, 4.670, 1.340, 15.790, 0.885, 1.170, 2.530, 5.330, 4.180, 3.540, 0.000, 136.000, 0.000, 0.000, 15.000, 0.735, 0.735, 0.000, 1.426, 192.505, 617.482, 18.770, 2158.450, 51.370, 531.927, 547.885, 9.000, 0.663, 1348.285, 1.601, 409.120, NULL, NULL, NULL),
(26, 15, 2021, 129, 'Hibrido - Clon', 529, 6.700, 64.190, 7.100, 28.710, 0.050, 1.900, 3.270, 0.160, 41.840, 0.660, 0.344, 1.580, 1.840, 71.120, 38.010, 7.620, 1.340, 17.240, 0.425, 1.080, 2.397, 4.900, 3.850, 3.430, 0.000, 112.000, 0.000, 0.000, 45.000, 5.543, 5.543, 0.000, 35.649, 607.461, 617.482, 18.770, 2158.450, 51.370, 531.925, 547.883, 9.000, 0.663, 1348.285, 1.601, 409.120, NULL, NULL, NULL),
(27, 15, 2021, 129, 'Clon', 535, 6.700, 56.040, 9.140, 34.820, 0.070, 1.920, 3.300, 0.170, 34.150, 1.231, 0.503, 1.500, 2.140, 72.780, 43.170, 2.890, 1.330, 17.030, 0.928, 1.090, 2.360, 4.480, 4.480, 1.900, 0.000, 104.000, 0.000, 0.000, 20.000, 11.434, 9.109, 2.326, 124.013, 960.576, 617.482, 18.770, 2158.450, 51.370, 531.925, 547.883, 9.000, 0.663, 1348.285, 1.601, 409.120, NULL, NULL, NULL),
(28, 16, 2021, 240, 'Hibrido', 652, 6.800, 76.390, 5.070, 18.550, 0.070, 2.960, 5.110, 0.260, 21.540, 1.241, 0.508, 1.700, 3.510, 75.460, 18.160, 3.460, 0.420, 20.810, 0.698, 1.410, 2.194, 4.300, 4.180, 2.700, 16.000, 64.000, 0.000, 0.000, 39.857, 2.286, 2.286, 0.000, 4.076, 174.265, 509.502, 18.770, 2158.450, 51.370, 531.869, 547.825, 6.000, 0.642, 1348.285, 1.601, 327.108, NULL, NULL, NULL),
(29, 17, 2021, 240, 'Hibrido', 663, 7.000, 86.550, 5.060, 8.400, 0.100, 2.540, 4.380, 0.220, 10.690, 1.239, 0.494, 1.960, 1.530, 70.340, 14.410, 2.810, 0.350, 19.250, 0.290, 1.090, 3.381, 4.260, 4.270, 2.700, 8.000, 40.000, 0.000, 0.000, 85.375, 7.383, 4.698, 2.685, 25.027, 313.978, 533.790, 18.770, 2158.450, 51.370, 531.869, 547.825, 5.000, 0.627, 1348.285, 1.601, 334.859, NULL, NULL, NULL),
(30, 18, 2021, 240, 'Hibrido', 607, 6.800, 74.250, 5.090, 20.660, 0.050, 1.600, 2.750, 0.140, 0.930, 0.994, 0.499, 0.650, 1.230, 48.590, 113.460, 0.930, 0.640, 10.310, 0.124, 0.660, 3.590, 5.220, 4.900, 2.650, 0.000, 128.000, 0.000, 8.000, 44.889, 7.095, 5.405, 1.689, 81.534, 1067.706, 533.790, 18.770, 2158.450, 51.370, 531.879, 547.835, 5.000, 0.627, 1348.285, 1.601, 334.859, NULL, NULL, NULL),
(31, 19, 2021, 240, 'Hibrido', 652, 6.800, 84.550, 5.050, 10.400, 0.060, 2.650, 4.560, 0.230, 12.920, 0.634, 0.599, 1.640, 1.260, 79.060, 13.960, 7.760, 0.440, 14.390, 0.411, 1.060, 1.048, 4.600, 4.540, 4.110, 0.000, 48.000, 0.000, 0.000, 70.000, 11.719, 5.078, 6.641, 33.709, 253.941, 564.976, 18.770, 2158.450, 51.370, 531.877, 547.834, 4.000, 0.671, 1348.285, 1.601, 379.041, NULL, NULL, NULL),
(32, 20, 2021, 236, 'Hibrido', 581, 7.000, 72.060, 5.120, 22.820, 0.100, 3.240, 5.590, 0.280, 13.640, 1.039, 0.391, 2.920, 3.420, 78.330, 18.810, 4.760, 0.590, 27.670, 0.612, 2.060, 4.584, 4.400, 4.480, 4.000, 0.000, 216.000, 0.000, 0.000, 35.429, 8.254, 2.857, 5.397, 24.751, 275.118, 533.790, 18.770, 2158.450, 51.370, 531.886, 547.843, 5.000, 0.627, 1348.285, 1.601, 334.859, NULL, NULL, NULL),
(33, 21, 2021, 236, 'Hibrido', 563, 7.100, 90.600, 5.060, 4.350, 0.080, 1.810, 3.120, 0.160, 75.160, 0.660, 0.472, 3.270, 2.190, 80.320, 34.390, 16.610, 1.060, 17.820, 0.871, 1.160, 5.622, 4.000, 4.180, 4.410, 0.000, 96.000, 0.000, 0.000, 38.000, 8.120, 4.701, 3.419, 27.131, 307.009, 533.790, 18.770, 2158.450, 51.370, 531.885, 547.842, 5.000, 0.627, 1348.285, 1.601, 334.859, NULL, NULL, NULL),
(34, 22, 2021, 1721, 'Clon', 611, 7.200, 74.200, 7.140, 18.660, 0.090, 2.920, 5.030, 0.250, 38.510, 1.010, 1.264, 0.800, 1.390, 75.300, 23.130, 8.120, 0.440, 18.620, 0.267, 1.870, 4.131, 4.780, 4.400, 3.980, 24.000, 88.000, 0.000, 0.000, 76.214, 8.503, 6.853, 1.650, 93.580, 1007.037, 600.767, 18.770, 2158.450, 51.370, 531.898, 547.855, 8.000, 0.662, 1348.285, 1.601, 397.880, NULL, NULL, NULL),
(35, 22, 2021, 1721, 'Clon', 612, 7.200, 74.220, 5.100, 20.690, 0.050, 2.720, 4.690, 0.230, 28.730, 0.850, 0.688, 2.060, 2.550, 77.220, 34.740, 9.730, 0.690, 21.280, 0.325, 1.940, 0.085, 4.000, 4.300, 3.880, 56.000, 64.000, 0.000, 0.000, 76.643, 4.726, 3.659, 1.067, 43.298, 872.952, 600.767, 18.770, 2158.450, 51.370, 531.898, 547.855, 8.000, 0.662, 1348.285, 1.601, 397.880, NULL, NULL, NULL),
(36, 22, 2021, 1721, 'Clon', 599, 6.500, 84.430, 5.090, 10.480, 0.050, 2.860, 4.930, 0.250, 25.320, 0.909, 0.771, 2.010, 2.470, 78.590, 33.250, 14.680, 0.590, 25.050, 0.282, 0.900, 3.522, 4.180, 4.300, 3.900, 40.000, 16.000, 0.000, 24.000, 71.929, 25.311, 23.029, 2.282, 170.400, 502.820, 600.767, 18.770, 2158.450, 51.370, 531.898, 547.855, 8.000, 0.662, 1348.285, 1.601, 397.880, NULL, NULL, NULL),
(37, 22, 2021, 1721, 'Clon', 608, 6.800, 78.390, 5.070, 16.540, 0.040, 2.750, 4.740, 0.240, 39.510, 0.824, 0.591, 1.660, 2.350, 77.890, 44.560, 10.880, 0.830, 17.890, 0.181, 0.870, 3.363, 4.220, 3.880, 3.930, 8.000, 40.000, 0.000, 24.000, 63.286, 28.906, 25.781, 3.125, 155.036, 381.305, 600.767, 18.770, 2158.450, 51.370, 531.898, 547.855, 8.000, 0.662, 1348.285, 1.601, 397.880, NULL, NULL, NULL),
(38, 22, 2021, 1721, 'Clon', 576, 6.800, 66.160, 5.080, 28.760, 0.040, 2.340, 4.040, 0.200, 41.990, 1.009, 0.594, 1.620, 2.480, 77.520, 41.770, 8.770, 1.040, 19.430, 0.152, 0.880, 2.372, 4.740, 4.480, 4.340, 16.000, 8.000, 0.000, 0.000, 69.857, 16.596, 14.894, 1.702, 54.472, 273.758, 600.767, 18.770, 2158.450, 51.370, 531.898, 547.855, 8.000, 0.662, 1348.285, 1.601, 397.880, NULL, NULL, NULL),
(39, 22, 2021, 1721, 'Clon', 593, 6.800, 67.660, 5.170, 27.170, 0.050, 3.140, 5.420, 0.270, 41.290, 0.545, 0.803, 2.100, 2.860, 75.700, 23.390, 8.440, 0.570, 21.530, 0.296, 1.050, 2.572, 4.740, 4.300, 4.280, 0.000, 48.000, 0.000, 24.000, 64.929, 25.180, 20.863, 4.317, 48.885, 145.259, 600.767, 18.770, 2158.450, 51.370, 531.898, 547.855, 8.000, 0.662, 1348.285, 1.601, 397.880, NULL, NULL, NULL),
(40, 23, 2021, 368, 'Hibrido', 733, 6.100, 72.400, 6.070, 21.540, 0.040, 2.500, 4.310, 0.220, 0.740, 0.545, 0.567, 1.290, 1.540, 80.450, 71.150, 3.730, 1.070, 17.230, 0.253, 0.870, 4.207, 4.480, 3.700, 3.400, 8.000, 80.000, 0.000, 16.000, 64.714, 15.274, 9.798, 5.476, 85.753, 475.685, 624.995, 19.793, 2158.450, 67.910, 575.249, 592.506, 5.000, 0.708, 1489.400, 1.449, 442.569, NULL, NULL, NULL),
(41, 23, 2021, 368, 'Hibrido', 739, 6.200, 76.450, 6.070, 17.490, 0.060, 2.800, 4.830, 0.240, 7.330, 0.810, 0.491, 1.520, 2.140, 80.730, 47.010, 4.810, 0.810, 19.350, 0.195, 1.260, 1.953, 4.360, 3.540, 3.650, 16.000, 40.000, 0.000, 8.000, 64.714, 48.503, 40.719, 7.784, 158.271, 168.041, 624.995, 19.793, 2158.450, 67.910, 575.249, 592.506, 5.000, 0.708, 1489.400, 1.449, 442.569, NULL, NULL, NULL),
(42, 24, 2021, 1722, 'Hibrido', 1190, 6.000, 68.420, 6.050, 25.530, 0.030, 2.270, 3.920, 0.200, 20.280, 0.875, 0.334, 0.830, 1.710, 77.480, 102.650, 2.470, 2.790, 12.620, 0.109, 0.800, 1.166, 4.880, 4.180, 3.000, 1600.000, 72.000, 0.000, 0.000, 25.000, 8.516, 6.813, 1.703, 35.869, 385.337, 674.333, 19.793, 2158.450, 67.910, 575.254, 592.512, 9.000, 0.695, 1489.400, 1.449, 468.902, NULL, NULL, NULL),
(43, 24, 2021, 1722, 'Hibrido', 1200, 5.900, 76.530, 4.030, 19.440, 0.030, 2.220, 3.820, 0.190, 9.240, 1.100, 0.461, 0.990, 1.270, 76.540, 114.200, 1.720, 1.480, 14.170, 0.152, 1.140, 1.554, 4.700, 4.180, 3.880, 0.000, 104.000, 0.000, 32.000, 25.000, 8.458, 7.214, 1.244, 28.582, 309.362, 674.333, 19.793, 2158.450, 67.910, 575.254, 592.512, 9.000, 0.695, 1489.400, 1.449, 468.902, NULL, NULL, NULL),
(44, 25, 2021, 368, 'Hibrido', 1116, 5.700, 60.280, 10.110, 29.610, 0.040, 2.760, 4.750, 0.240, 6.780, 0.660, 0.470, 0.760, 1.250, 79.580, 45.060, 2.210, 1.140, 16.940, 0.224, 0.560, 1.891, 5.540, 4.300, 4.590, 0.000, 32.000, 0.000, 8.000, 31.000, 18.228, 17.215, 1.013, 39.129, 175.536, 674.333, 19.793, 2158.450, 67.910, 575.252, 592.510, 9.000, 0.695, 1489.400, 1.449, 468.902, NULL, NULL, NULL),
(45, 25, 2021, 368, 'Clon', 1121, 5.700, 70.020, 5.530, 24.460, 0.050, 3.940, 6.800, 0.340, 4.210, 0.419, 0.318, 1.110, 1.580, 75.870, 19.840, 2.180, 0.610, 22.790, 0.253, 1.390, 1.570, 5.710, 4.480, 4.670, 0.000, 224.000, 0.000, 8.000, 30.308, 10.744, 9.642, 1.102, 54.992, 456.856, 674.333, 19.793, 2158.450, 67.910, 575.252, 592.510, 9.000, 0.695, 1489.400, 1.449, 468.902, NULL, NULL, NULL),
(46, 26, 2021, 368, 'Hibrido', 1020, 6.000, 70.400, 5.460, 24.150, 0.050, 2.800, 4.830, 0.240, 21.160, 0.462, 0.440, 1.110, 2.970, 76.570, 86.260, 9.930, 1.290, 19.350, 0.195, 1.380, 2.796, 5.320, 4.400, 4.460, 0.000, 64.000, 0.000, 80.000, 5.500, 7.767, 6.796, 0.971, 30.074, 357.125, 674.333, 19.793, 2158.450, 67.910, 575.249, 592.507, 9.000, 0.695, 1489.400, 1.449, 468.902, NULL, NULL, NULL),
(47, 27, 2021, 79, 'Clon', 1101, 5.600, 69.460, 16.080, 14.470, 0.020, 2.050, 3.540, 0.180, 12.360, 0.051, 0.639, 1.100, 0.590, 47.610, 127.790, 1.380, 1.680, 11.330, 0.195, 0.600, 4.708, 5.280, 4.000, 4.550, 800.000, 64.000, 0.000, 16.000, 0.000, 5.734, 3.670, 2.064, 38.097, 626.315, 631.314, 19.114, 2158.450, 37.971, 479.879, 494.276, 7.000, 0.687, 1395.680, 1.547, 433.861, NULL, NULL, NULL),
(48, 27, 2021, 79, 'Clon', 1089, 5.600, 77.480, 7.440, 15.080, 0.020, 1.780, 3.080, 0.150, 3.120, 0.097, 0.611, 0.670, 0.590, 39.590, 139.700, 1.350, 1.170, 16.270, 0.167, 0.670, 0.691, 5.330, 3.700, 4.540, 120.000, 16.000, 0.000, 0.000, 0.000, 3.495, 1.553, 1.942, 24.588, 678.894, 631.314, 19.114, 2158.450, 37.971, 479.879, 494.276, 7.000, 0.687, 1395.680, 1.547, 433.861, NULL, NULL, NULL),
(49, 28, 2021, 79, 'Clon', 1070, 5.700, 77.470, 9.450, 13.070, 0.030, 1.490, 2.570, 0.130, 9.460, 0.242, 0.457, 1.510, 0.860, 60.420, 161.090, 3.690, 2.160, 11.860, 0.037, 0.080, 0.669, 5.670, 4.480, 4.570, 840.000, 32.000, 0.000, 0.000, 0.000, 9.763, 6.860, 2.902, 46.007, 425.253, 638.644, 19.114, 2158.450, 37.971, 479.879, 494.275, 9.000, 0.685, 1395.680, 1.547, 437.758, NULL, NULL, NULL),
(50, 29, 2021, 71, 'Hibrido - Clon', 1126, 6.100, 85.860, 4.440, 9.700, 0.050, 2.480, 4.270, 0.210, 83.400, 0.315, 0.783, 1.000, 1.670, 77.620, 33.580, 3.900, 0.740, 22.410, 0.756, 0.820, 0.723, 5.350, 4.000, 4.520, 40.000, 24.000, 0.000, 40.000, 15.900, 4.899, 4.054, 0.845, 24.459, 474.841, 550.813, 18.770, 2158.450, 51.370, 531.843, 547.798, 10.000, 0.661, 1348.285, 1.601, 364.101, NULL, NULL, NULL),
(51, 29, 2021, 71, 'Hibrido - Clon', 1122, 6.200, 77.750, 3.440, 18.810, 0.040, 2.730, 4.710, 0.240, 62.010, 0.150, 0.632, 1.880, 1.370, 79.740, 58.570, 7.760, 0.550, 20.470, 0.138, 0.870, 2.230, 5.200, 3.700, 3.950, 32.000, 32.000, 0.000, 24.000, 15.900, 12.591, 10.412, 2.179, 43.857, 304.472, 550.813, 18.770, 2158.450, 51.370, 531.843, 547.798, 10.000, 0.661, 1348.285, 1.601, 364.101, NULL, NULL, NULL),
(52, 30, 2021, 71, 'Hibrido - Clon', 1128, 6.200, 73.330, 4.040, 22.630, 0.040, 2.380, 4.100, 0.210, 24.500, 0.271, 0.379, 1.450, 1.460, 78.780, 122.750, 6.120, 0.730, 22.140, 0.195, 0.270, 2.400, 5.130, 3.700, 4.110, 32.000, 8.000, 0.000, 8.000, 0.000, 11.948, 9.351, 2.597, 35.472, 261.410, 550.813, 18.770, 2158.450, 51.370, 531.842, 547.798, 10.000, 0.661, 1348.285, 1.601, 364.101, NULL, NULL, NULL),
(53, 31, 2021, 78, 'Hibrido - Clon', 1040, 6.400, 72.460, 5.350, 22.190, 0.050, 1.790, 3.080, 0.150, 34.250, 0.316, 0.513, 1.100, 1.310, 76.010, 127.470, 9.100, 2.440, 18.090, 0.181, 0.980, 2.242, 5.380, 4.000, 3.700, 0.000, 72.000, 0.000, 0.000, 0.000, 12.963, 5.556, 7.407, 64.581, 433.617, 603.443, 19.114, 2158.450, 37.971, 479.872, 494.268, 10.000, 0.685, 1395.680, 1.547, 413.400, NULL, NULL, NULL),
(54, 32, 2021, 71, 'Hibrido - Clon', 1051, 6.500, 70.430, 6.460, 23.110, 0.030, 1.850, 3.180, 0.160, 80.980, 0.637, 0.415, 1.240, 1.650, 80.790, 144.110, 9.810, 4.770, 20.240, 0.353, 0.730, 0.083, 4.440, 3.810, 3.600, 16.000, 160.000, 0.000, 0.000, 24.333, 10.213, 1.277, 8.936, 23.023, 202.414, 573.713, 18.770, 2158.450, 51.370, 531.846, 547.801, 5.000, 0.701, 1348.285, 1.601, 402.341, NULL, NULL, NULL),
(55, 32, 2021, 71, 'Hibrido - Clon', 1048, 6.500, 67.250, 8.490, 24.260, 0.040, 1.790, 3.090, 0.150, 76.460, 0.522, 0.679, 1.120, 1.620, 80.190, 120.640, 9.230, 3.290, 20.840, 0.138, 0.660, 2.820, 5.340, 4.300, 4.290, 0.000, 48.000, 0.000, 24.000, 0.000, 18.079, 3.955, 14.124, 27.182, 123.168, 573.713, 18.770, 2158.450, 51.370, 531.846, 547.801, 5.000, 0.701, 1348.285, 1.601, 402.341, NULL, NULL, NULL),
(56, 33, 2021, 52, 'Hibrido', 939, 7.100, 86.610, 2.420, 10.980, 0.040, 2.180, 3.760, 0.190, 25.570, 0.832, 0.777, 1.690, 1.530, 78.330, 37.030, 1.680, 0.730, 16.960, 0.088, 1.060, 0.075, 4.720, 3.400, 3.880, 800.000, 104.000, 0.000, 16.000, 28.750, 2.834, 2.227, 0.607, 23.712, 812.981, 603.443, 18.770, 2158.450, 51.370, 531.854, 547.810, 10.000, 0.685, 1348.285, 1.601, 413.400, NULL, NULL, NULL),
(57, 33, 2021, 52, 'Hibrido', 916, 7.100, 85.470, 2.420, 12.110, 0.040, 2.860, 4.920, 0.250, 27.510, 0.824, 0.766, 2.670, 3.880, 78.080, 25.090, 2.210, 0.460, 33.290, 0.067, 1.270, 2.924, 4.630, 3.810, 3.930, 0.000, 88.000, 0.000, 8.000, 28.750, 1.224, 0.816, 0.408, 14.996, 1209.639, 603.443, 18.770, 2158.450, 51.370, 531.854, 547.810, 10.000, 0.685, 1348.285, 1.601, 413.400, NULL, NULL, NULL),
(58, 34, 2021, 79, 'Clon', 1084, 6.600, 67.440, 18.090, 14.470, 0.030, 1.400, 2.420, 0.120, 33.210, 0.217, 0.471, 1.370, 1.380, 14.760, 158.470, 1.500, 1.570, 13.660, 0.352, 1.230, 0.097, 4.460, 3.850, 3.480, 128.000, 48.000, 0.000, 0.000, 0.000, 5.905, 3.238, 2.667, 23.478, 374.131, 631.314, 19.114, 2158.450, 37.971, 479.879, 494.276, 7.000, 0.687, 1395.680, 1.547, 433.861, NULL, NULL, NULL),
(59, 35, 2021, 79, 'Clon', 1149, 6.300, 71.470, 10.040, 18.480, 0.030, 1.780, 3.070, 0.150, 5.670, 0.525, 0.270, 0.320, 1.170, 42.490, 162.840, 3.000, 5.150, 9.440, 0.315, 1.170, 0.624, 5.340, 4.300, 4.290, 40.000, 40.000, 0.000, 0.000, 15.000, 10.714, 5.357, 5.357, 31.181, 259.840, 631.314, 19.114, 2158.450, 37.971, 479.881, 494.277, 7.000, 0.687, 1395.680, 1.547, 433.861, NULL, NULL, NULL),
(60, 35, 2021, 79, 'Clon', 1124, 6.400, 73.470, 12.060, 14.470, 0.030, 1.520, 2.610, 0.130, 24.130, 0.190, 0.519, 0.300, 0.870, 46.960, 162.190, 5.430, 8.960, 11.270, 0.172, 0.600, 0.585, 5.310, 3.700, 3.850, 80.000, 24.000, 0.000, 8.000, 15.000, 10.345, 7.328, 3.017, 20.787, 180.156, 631.314, 19.114, 2158.450, 37.971, 479.881, 494.277, 7.000, 0.687, 1395.680, 1.547, 433.861, NULL, NULL, NULL),
(61, 22, 2021, 1721, 'Hibrido', 608, 6.700, 72.510, 9.680, 17.810, 0.080, 2.390, 4.120, 0.210, 45.750, 0.142, 0.879, 2.140, 2.160, 78.250, 42.340, 14.590, 0.750, 18.200, 0.161, 1.470, 4.243, 4.950, 4.400, 3.850, 8.000, 88.000, 0.000, 24.000, 85.000, 6.569, 5.839, 0.730, 53.064, 754.684, 600.767, 18.770, 2158.450, 51.370, 531.898, 547.855, 8.000, 0.662, 1348.285, 1.601, 397.880, NULL, NULL, NULL),
(62, 22, 2021, 1721, 'Hibrido', 608, 6.800, 70.140, 11.880, 17.980, 0.050, 2.320, 4.000, 0.200, 25.660, 0.752, 0.761, 2.090, 2.290, 78.140, 53.760, 10.230, 1.410, 25.130, 0.107, 1.330, 2.656, 4.850, 4.000, 3.900, 864.000, 64.000, 80.000, 16.000, 85.000, 21.907, 19.588, 2.320, 167.052, 595.493, 600.767, 18.770, 2158.450, 51.370, 531.898, 547.855, 8.000, 0.662, 1348.285, 1.601, 397.880, NULL, NULL, NULL),
(63, 36, 2021, 129, 'Clon', 582, 7.000, 76.780, 7.570, 15.650, 0.030, 1.720, 2.970, 0.150, 34.920, 0.641, 0.405, 2.510, 0.630, 77.480, 70.900, 5.440, 2.020, 15.330, 0.108, 1.260, 1.865, 5.230, 4.300, 3.880, 0.000, 64.000, 0.000, 24.000, 15.000, 1.245, 1.245, 0.000, 8.843, 701.552, 600.767, 18.770, 2158.450, 51.370, 531.910, 547.868, 8.000, 0.662, 1348.285, 1.601, 397.880, NULL, NULL, NULL),
(64, 36, 2021, 129, 'Hibrido', 583, 6.900, 63.660, 14.050, 22.290, 0.040, 0.890, 1.540, 0.080, 25.750, 0.415, 0.437, 1.530, 1.820, 74.780, 34.160, 9.860, 3.580, 16.090, 0.212, 1.220, 1.947, 5.330, 4.180, 3.810, 8.000, 16.000, 0.000, 0.000, 28.000, 6.603, 6.603, 0.000, 81.062, 1146.655, 600.767, 18.770, 2158.450, 51.370, 531.910, 547.868, 8.000, 0.662, 1348.285, 1.601, 397.880, NULL, NULL, NULL),
(65, 37, 2021, 147, 'Hibrido - Clon', 621, 6.700, 89.430, 3.350, 7.220, 0.040, 2.410, 4.160, 0.210, 85.650, 0.477, 0.400, 1.480, 1.430, 79.720, 15.130, 1.050, 0.310, 15.460, 0.077, 1.760, 1.066, 5.300, 4.000, 3.880, 16.000, 48.000, 0.000, 8.000, 57.700, 11.392, 8.228, 3.165, 34.297, 266.758, 628.193, 19.114, 2158.450, 37.971, 479.930, 494.328, 10.000, 0.666, 1395.680, 1.547, 418.363, NULL, NULL, NULL),
(66, 37, 2021, 147, 'Hibrido - Clon', 680, 6.800, 89.320, 3.490, 7.190, 0.040, 2.230, 3.840, 0.190, 44.320, 0.600, 0.368, 1.430, 1.550, 77.360, 87.270, 1.210, 0.740, 16.210, 0.045, 0.920, 0.895, 5.180, 4.000, 3.400, 8.000, 32.000, 0.000, 0.000, 57.700, 6.150, 3.189, 2.961, 25.723, 392.515, 628.193, 19.114, 2158.450, 37.971, 479.930, 494.328, 10.000, 0.666, 1395.680, 1.547, 418.363, NULL, NULL, NULL),
(67, 38, 2021, 147, 'Hibrido', 617, 6.800, 83.160, 7.600, 9.240, 0.040, 1.880, 3.240, 0.160, 11.470, 0.274, 0.389, 1.350, 1.310, 76.300, 70.100, 2.220, 0.530, 13.840, 0.121, 0.980, 1.262, 4.450, 3.400, 3.740, 40.000, 64.000, 0.000, 0.000, 48.000, 8.527, 6.783, 1.744, 52.338, 561.445, 628.193, 19.114, 2158.450, 37.971, 479.930, 494.328, 10.000, 0.666, 1395.680, 1.547, 418.363, NULL, NULL, NULL),
(68, 38, 2021, 147, 'Hibrido', 618, 6.800, 89.320, 5.550, 5.130, 0.050, 1.970, 3.400, 0.170, 11.770, 0.463, 0.467, 1.600, 1.540, 77.660, 58.390, 0.870, 0.620, 14.840, 0.105, 1.190, 0.793, 5.180, 3.700, 3.600, 1600.000, 144.000, 0.000, 8.000, 48.000, 4.904, 4.264, 0.640, 27.359, 530.518, 628.193, 19.114, 2158.450, 37.971, 479.930, 494.328, 10.000, 0.666, 1395.680, 1.547, 418.363, NULL, NULL, NULL),
(69, 1, 2022, 1719, 'Hibrido - Clon', 882, 6.800, 90.620, 3.330, 6.050, 0.070, 3.790, 6.530, 0.330, 3.520, 0.580, 0.807, 0.270, 1.440, 78.840, 13.050, 1.460, 0.270, 17.790, 0.110, 1.350, 1.428, 4.640, 4.100, 4.300, 16.000, 32.000, 0.000, 0.000, 40.000, 39.873, 4.430, 35.443, 225.553, 340.119, 970.039, 19.793, 1854.250, 40.419, 463.807, 477.721, 12.000, 0.722, 1457.110, 1.273, 700.712, NULL, NULL, NULL),
(70, 5, 2022, 1720, 'Hibrido', 672, 6.200, 79.700, 3.350, 16.950, 0.100, 3.000, 5.180, 0.260, 3.850, 0.304, 0.323, 5.720, 1.860, 60.010, 18.770, 3.610, 0.520, 19.580, 0.230, 1.360, 1.136, 4.300, 4.180, 1.000, 32.000, 48.000, 0.000, 8.000, 86.000, 25.452, 0.821, 24.631, 170.321, 498.876, 854.792, 20.686, 1854.250, 58.770, 514.276, 529.705, 13.000, 0.739, 1577.640, 1.175, 631.365, NULL, NULL, NULL),
(71, 5, 2022, 1720, 'Hibrido', 666, 6.400, 81.750, 3.350, 14.910, 0.050, 2.930, 5.050, 0.250, 3.520, 0.421, 0.367, 0.190, 1.990, 62.930, 23.040, 4.370, 0.530, 20.130, 1.490, 0.980, 1.337, 4.330, 4.100, 1.000, 800.000, 40.000, 0.000, 0.000, 67.000, 14.844, 0.000, 14.844, 62.634, 359.323, 854.792, 20.686, 1854.250, 58.770, 514.276, 529.705, 13.000, 0.739, 1577.640, 1.175, 631.365, NULL, NULL, NULL),
(72, 6, 2022, 437, 'Clon', 644, 6.700, 88.610, 3.330, 8.060, 0.060, 2.860, 4.930, 0.250, 68.220, 0.487, 0.725, 3.410, 1.490, 70.040, 34.950, 8.060, 1.080, 14.400, 0.030, 1.390, 1.784, 4.190, 4.000, 1.000, 0.000, 56.000, 0.000, 16.000, 55.000, 10.049, 6.740, 3.309, 67.278, 602.219, 879.141, 20.686, 1854.250, 58.770, 514.333, 529.763, 15.000, 0.720, 1577.640, 1.175, 633.107, NULL, NULL, NULL),
(73, 6, 2022, 437, 'Hibrido', 658, 7.000, 88.600, 3.330, 8.070, 0.090, 3.070, 5.290, 0.260, 77.720, 0.921, 1.170, 1.290, 1.920, 79.280, 54.180, 23.040, 1.690, 23.070, 2.010, 1.520, 0.098, 3.810, 3.650, 4.220, 0.000, 72.000, 0.000, 0.000, 40.000, 2.205, 0.684, 1.521, 22.922, 1016.452, 879.141, 20.686, 1854.250, 58.770, 514.333, 529.763, 15.000, 0.720, 1577.640, 1.175, 633.107, NULL, NULL, NULL),
(74, 7, 2022, 398, 'Hibrido - Clon', 1145, 5.900, 71.640, 6.080, 22.280, 0.040, 2.370, 4.080, 0.200, 4.010, 1.232, 0.542, 0.840, 1.860, 71.600, 50.270, 2.520, 0.920, 18.870, 0.130, 0.080, 1.179, 2.700, 3.850, 3.880, 40.000, 80.000, 0.000, 8.000, 36.000, 9.459, 5.068, 4.392, 35.394, 338.775, 984.922, 20.264, 1854.250, 63.768, 536.726, 552.828, 11.000, 0.765, 1520.650, 1.219, 753.899, NULL, NULL, NULL),
(75, 8, 2022, 398, 'Hibrido - Clon', 1111, 5.500, 80.270, 12.270, 7.460, 0.050, 2.260, 3.900, 0.200, 1.010, 0.490, 0.600, 0.380, 0.940, 19.940, 142.400, 1.230, 1.230, 20.900, 0.930, 3.340, 1.284, 4.880, 4.400, 3.810, 16.000, 56.000, 80.000, 0.000, 0.000, 14.118, 0.000, 14.118, 76.341, 464.407, 984.922, 20.264, 1854.250, 63.768, 536.732, 552.834, 11.000, 0.765, 1520.650, 1.219, 753.899, NULL, NULL, NULL),
(76, 9, 2022, 398, 'Hibrido', 1053, 5.900, 86.550, 4.050, 9.410, 0.040, 2.550, 4.400, 0.220, 2.540, 0.506, 0.365, 1.230, 1.600, 77.770, 59.400, 2.580, 1.990, 19.250, 0.390, 1.580, 0.067, 3.900, 3.300, 4.000, 1600.000, 80.000, 0.000, 0.000, 0.000, 31.054, 10.351, 20.702, 299.195, 664.283, 984.922, 20.264, 1854.250, 63.768, 536.741, 552.843, 11.000, 0.765, 1520.650, 1.219, 753.899, NULL, NULL, NULL),
(77, 9, 2022, 398, 'Clon', 1034, 5.700, 67.620, 4.050, 28.330, 0.050, 2.130, 3.680, 0.180, 0.350, 0.656, 0.753, 0.490, 1.380, 70.430, 122.430, 2.120, 2.230, 15.790, 1.590, 1.100, 1.176, 4.480, 4.000, 4.270, 0.000, 160.000, 0.000, 0.000, 0.000, 19.917, 2.905, 17.012, 153.299, 616.388, 984.922, 20.264, 1854.250, 63.768, 536.741, 552.843, 11.000, 0.765, 1520.650, 1.219, 753.899, NULL, NULL, NULL),
(78, 10, 2022, 398, 'Hibrido', 1069, 5.900, 74.370, 4.050, 21.580, 0.050, 2.070, 3.560, 0.180, 4.780, 0.568, 0.645, 0.470, 1.180, 76.130, 100.330, 2.840, 1.280, 16.400, 1.550, 1.270, 0.110, 2.930, 3.620, 2.700, 800.000, 112.000, 0.000, 24.000, 21.857, 2.188, 1.563, 0.625, 13.540, 605.413, 984.922, 20.264, 1854.250, 63.768, 536.745, 552.847, 11.000, 0.765, 1520.650, 1.219, 753.899, NULL, NULL, NULL),
(79, 11, 2022, 444, 'Hibrido - Clon', 585, 6.100, 81.820, 4.040, 14.140, 0.060, 2.390, 4.120, 0.210, 18.600, 0.588, 0.511, 1.120, 1.330, 69.950, 64.800, 4.320, 1.110, 15.980, 0.660, 1.620, 1.526, 3.810, 4.480, 1.000, 40.000, 8.000, 0.000, 0.000, 35.000, 5.415, 0.722, 4.693, 60.960, 1064.764, 847.217, 20.686, 1854.250, 58.770, 514.291, 529.719, 14.000, 0.725, 1577.640, 1.175, 614.311, NULL, NULL, NULL),
(80, 11, 2022, 444, 'Hibrido', 573, 6.300, 84.490, 4.050, 11.450, 0.060, 2.380, 4.110, 0.210, 11.830, 0.272, 0.534, 1.020, 1.270, 70.010, 14.800, 4.120, 0.650, 15.630, 1.250, 1.910, 1.498, 3.410, 3.880, 1.000, 0.000, 40.000, 0.000, 0.000, 20.000, 3.984, 0.000, 3.984, 40.971, 987.549, 847.217, 20.686, 1854.250, 58.770, 514.291, 529.719, 14.000, 0.725, 1577.640, 1.175, 614.311, NULL, NULL, NULL),
(81, 11, 2022, 429, 'Hibrido', 812, 6.100, 70.560, 4.020, 25.420, 0.030, 0.680, 1.170, 0.060, 26.200, 0.585, 0.237, 0.270, 0.460, 58.650, 118.130, 3.030, 8.430, 8.150, 0.040, 0.750, 1.746, 4.480, 4.650, 1.000, 40.000, 56.000, 0.000, 8.000, 40.000, 28.378, 22.297, 6.081, 95.966, 242.200, 881.988, 20.686, 1854.250, 58.770, 514.338, 529.768, 11.000, 0.722, 1577.640, 1.175, 636.826, NULL, NULL, NULL),
(82, 12, 2022, 429, 'Clon', 716, 6.500, 82.440, 5.080, 12.490, 0.080, 4.000, 6.890, 0.340, 17.410, 0.868, 0.664, 7.810, 0.510, 72.920, 30.550, 12.750, 0.420, 16.950, 0.468, 1.370, 2.171, 4.540, 4.000, 2.700, 0.000, 56.000, 0.000, 0.000, 80.000, 38.046, 11.568, 26.478, 122.278, 199.114, 881.988, 20.686, 1854.250, 58.770, 514.317, 529.746, 11.000, 0.722, 1577.640, 1.175, 636.826, NULL, NULL, NULL),
(83, 12, 2022, 429, 'Hibrido', 714, 6.600, 80.380, 5.080, 14.530, 0.070, 3.740, 6.450, 0.320, 11.410, 0.904, 0.439, 1.390, 1.700, 78.480, 17.740, 14.120, 0.640, 18.780, 0.856, 1.400, 2.640, 3.740, 3.400, 1.300, 0.000, 104.000, 0.000, 0.000, 45.000, 59.969, 16.538, 43.431, 432.340, 288.598, 881.988, 20.686, 1854.250, 58.770, 514.317, 529.746, 11.000, 0.722, 1577.640, 1.175, 636.826, NULL, NULL, NULL),
(84, 13, 2022, 147, 'Clon', 639, 6.700, 82.270, 5.120, 12.610, 0.070, 3.550, 6.110, 0.310, 27.750, 0.842, 0.687, 4.560, 3.800, 69.460, 17.730, 9.250, 1.590, 20.050, 0.325, 1.320, 1.991, 5.060, 3.600, 1.850, 0.000, 32.000, 240.000, 0.000, 63.545, 28.720, 15.917, 12.803, 130.529, 323.964, 930.844, 19.793, 1854.250, 40.419, 463.905, 477.823, 11.000, 0.702, 1457.110, 1.273, 653.313, NULL, NULL, NULL),
(85, 13, 2022, 147, 'Hibrido', 628, 6.800, 80.400, 5.080, 14.530, 0.080, 3.010, 5.190, 0.260, 12.670, 0.624, 0.504, 1.870, 1.890, 73.030, 54.190, 2.510, 0.480, 19.060, 0.777, 1.820, 1.491, 4.950, 4.810, 2.000, 0.000, 48.000, 120.000, 16.000, 69.600, 11.765, 4.202, 7.563, 56.363, 422.726, 930.844, 19.793, 1854.250, 40.419, 463.905, 477.823, 11.000, 0.702, 1457.110, 1.273, 653.313, NULL, NULL, NULL),
(86, 14, 2022, 129, 'Hibrido', 536, 7.000, 64.010, 5.100, 30.890, 0.040, 1.750, 3.020, 0.150, 45.180, 1.083, 0.499, 1.100, 1.900, 69.780, 36.240, 4.670, 1.340, 15.790, 0.885, 1.170, 2.530, 5.330, 4.180, 3.540, 0.000, 136.000, 0.000, 0.000, 15.000, 0.455, 0.455, 0.000, 2.852, 624.572, 942.721, 19.454, 1854.250, 49.732, 497.711, 512.643, 14.000, 0.713, 1411.250, 1.314, 671.859, NULL, NULL, NULL),
(87, 15, 2022, 129, 'Hibrido - Clon', 529, 6.700, 64.190, 7.100, 28.710, 0.050, 1.900, 3.270, 0.160, 41.840, 0.660, 0.344, 1.580, 1.840, 71.120, 38.010, 7.620, 1.340, 17.240, 0.425, 1.080, 2.397, 4.900, 3.850, 3.430, 0.000, 112.000, 0.000, 0.000, 45.000, 10.448, 10.448, 0.000, 79.854, 684.463, 942.721, 19.454, 1854.250, 49.732, 497.719, 512.650, 14.000, 0.713, 1411.250, 1.314, 671.859, NULL, NULL, NULL),
(88, 15, 2022, 129, 'Clon', 535, 6.700, 56.040, 9.140, 34.820, 0.070, 1.920, 3.300, 0.170, 34.150, 1.231, 0.503, 1.500, 2.140, 72.780, 43.170, 2.890, 1.330, 17.030, 0.928, 1.090, 2.360, 4.480, 4.480, 1.900, 0.000, 104.000, 0.000, 0.000, 20.000, 4.926, 4.926, 0.000, 84.077, 1622.680, 942.721, 19.454, 1854.250, 49.732, 497.719, 512.650, 14.000, 0.713, 1411.250, 1.314, 671.859, NULL, NULL, NULL),
(89, 16, 2022, 240, 'Hibrido', 652, 6.800, 76.390, 5.070, 18.550, 0.070, 2.960, 5.110, 0.260, 21.540, 1.241, 0.508, 1.700, 3.510, 75.460, 18.160, 3.460, 0.420, 20.810, 0.698, 1.410, 2.194, 4.300, 4.180, 2.700, 16.000, 64.000, 0.000, 0.000, 39.857, 6.806, 5.497, 1.309, 26.496, 362.798, 829.990, 19.454, 1854.250, 49.732, 497.912, 512.849, 12.000, 0.684, 1411.250, 1.314, 567.848, NULL, NULL, NULL),
(90, 17, 2022, 240, 'Hibrido', 663, 7.000, 86.550, 5.060, 8.400, 0.100, 2.540, 4.380, 0.220, 10.690, 1.239, 0.494, 1.960, 1.530, 70.340, 14.410, 2.810, 0.350, 19.250, 0.290, 1.090, 3.381, 4.260, 4.270, 2.700, 8.000, 40.000, 0.000, 0.000, 85.375, 9.137, 2.538, 6.599, 40.954, 407.262, 878.425, 19.454, 1854.250, 49.732, 497.911, 512.848, 13.000, 0.713, 1411.250, 1.314, 626.316, NULL, NULL, NULL),
(91, 18, 2022, 240, 'Hibrido', 607, 6.800, 74.250, 5.090, 20.660, 0.050, 1.600, 2.750, 0.140, 0.930, 0.994, 0.499, 0.650, 1.230, 48.590, 113.460, 0.930, 0.640, 10.310, 0.124, 0.660, 3.590, 5.220, 4.900, 2.650, 0.000, 128.000, 0.000, 8.000, 44.889, 1.325, 1.060, 0.265, 19.413, 1446.256, 878.425, 19.454, 1854.250, 49.732, 497.879, 512.815, 13.000, 0.713, 1411.250, 1.314, 626.316, NULL, NULL, NULL),
(92, 20, 2022, 236, 'Hibrido', 581, 7.000, 72.060, 5.120, 22.820, 0.100, 3.240, 5.590, 0.280, 13.640, 1.039, 0.391, 2.920, 3.420, 78.330, 18.810, 4.760, 0.590, 27.670, 0.612, 2.060, 4.584, 4.400, 4.480, 4.000, 0.000, 216.000, 0.000, 0.000, 35.429, 6.952, 3.743, 3.209, 24.751, 331.284, 878.425, 19.454, 1854.250, 49.732, 497.853, 512.789, 13.000, 0.713, 1411.250, 1.314, 626.316, NULL, NULL, NULL),
(93, 22, 2022, 1721, 'Clon', 611, 7.200, 74.200, 7.140, 18.660, 0.090, 2.920, 5.030, 0.250, 38.510, 1.010, 1.264, 0.800, 1.390, 75.300, 23.130, 8.120, 0.440, 18.620, 0.267, 1.870, 4.131, 4.780, 4.400, 3.980, 24.000, 88.000, 0.000, 0.000, 76.214, 40.299, 23.582, 16.716, 188.558, 279.345, 920.465, 19.454, 1854.250, 49.732, 497.814, 512.748, 14.000, 0.710, 1411.250, 1.314, 653.279, NULL, NULL, NULL),
(94, 22, 2022, 1721, 'Clon', 612, 7.200, 74.220, 5.100, 20.690, 0.050, 2.720, 4.690, 0.230, 28.730, 0.850, 0.688, 2.060, 2.550, 77.220, 34.740, 9.730, 0.690, 21.280, 0.325, 1.940, 0.085, 4.000, 4.300, 3.880, 56.000, 64.000, 0.000, 0.000, 76.643, 26.011, 12.127, 13.884, 206.715, 588.020, 920.465, 19.454, 1854.250, 49.732, 497.814, 512.748, 14.000, 0.710, 1411.250, 1.314, 653.279, NULL, NULL, NULL),
(95, 22, 2022, 1721, 'Clon', 599, 6.500, 84.430, 5.090, 10.480, 0.050, 2.860, 4.930, 0.250, 25.320, 0.909, 0.771, 2.010, 2.470, 78.590, 33.250, 14.680, 0.590, 25.050, 0.282, 0.900, 3.522, 4.180, 4.300, 3.900, 40.000, 16.000, 0.000, 24.000, 71.929, 40.517, 25.000, 15.517, 328.230, 481.869, 920.465, 19.454, 1854.250, 49.732, 497.814, 512.748, 14.000, 0.710, 1411.250, 1.314, 653.279, NULL, NULL, NULL),
(96, 22, 2022, 1721, 'Clon', 608, 6.800, 78.390, 5.070, 16.540, 0.040, 2.750, 4.740, 0.240, 39.510, 0.824, 0.591, 1.660, 2.350, 77.890, 44.560, 10.880, 0.830, 17.890, 0.181, 0.870, 3.363, 4.220, 3.880, 3.930, 8.000, 40.000, 0.000, 24.000, 63.286, 41.640, 28.076, 13.565, 368.735, 516.787, 920.465, 19.454, 1854.250, 49.732, 497.814, 512.748, 14.000, 0.710, 1411.250, 1.314, 653.279, NULL, NULL, NULL),
(97, 22, 2022, 1721, 'Clon', 576, 6.800, 66.160, 5.080, 28.760, 0.040, 2.340, 4.040, 0.200, 41.990, 1.009, 0.594, 1.620, 2.480, 77.520, 41.770, 8.770, 1.040, 19.430, 0.152, 0.880, 2.372, 4.740, 4.480, 4.340, 16.000, 8.000, 0.000, 0.000, 69.857, 36.730, 26.540, 10.190, 216.492, 372.925, 920.465, 19.454, 1854.250, 49.732, 497.814, 512.748, 14.000, 0.710, 1411.250, 1.314, 653.279, NULL, NULL, NULL),
(98, 22, 2022, 1721, 'Clon', 593, 6.800, 67.660, 5.170, 27.170, 0.050, 3.140, 5.420, 0.270, 41.290, 0.545, 0.803, 2.100, 2.860, 75.700, 23.390, 8.440, 0.570, 21.530, 0.296, 1.050, 2.572, 4.740, 4.300, 4.280, 0.000, 48.000, 0.000, 24.000, 64.929, 50.245, 36.765, 13.480, 286.328, 283.535, 920.465, 19.454, 1854.250, 49.732, 497.814, 512.748, 14.000, 0.710, 1411.250, 1.314, 653.279, NULL, NULL, NULL),
(99, 23, 2022, 368, 'Hibrido', 733, 6.100, 72.400, 6.070, 21.540, 0.040, 2.500, 4.310, 0.220, 0.740, 0.545, 0.567, 1.290, 1.540, 80.450, 71.150, 3.730, 1.070, 17.230, 0.253, 0.870, 4.207, 4.480, 3.700, 3.400, 8.000, 80.000, 0.000, 16.000, 64.714, 48.198, 36.937, 11.261, 346.247, 372.134, 945.234, 20.264, 1854.250, 63.768, 536.700, 552.801, 10.000, 0.758, 1520.650, 1.219, 716.271, NULL, NULL, NULL),
(100, 23, 2022, 368, 'Hibrido', 739, 6.200, 76.450, 6.070, 17.490, 0.060, 2.800, 4.830, 0.240, 7.330, 0.810, 0.491, 1.520, 2.140, 80.730, 47.010, 4.810, 0.810, 19.350, 0.195, 1.260, 1.953, 4.360, 3.540, 3.650, 16.000, 40.000, 0.000, 8.000, 64.714, 63.469, 57.934, 5.535, 336.082, 193.442, 945.234, 20.264, 1854.250, 63.768, 536.700, 552.801, 10.000, 0.758, 1520.650, 1.219, 716.271, NULL, NULL, NULL),
(101, 25, 2022, 368, 'Hibrido', 1116, 5.700, 60.280, 10.110, 29.610, 0.040, 2.760, 4.750, 0.240, 6.780, 0.660, 0.470, 0.760, 1.250, 79.580, 45.060, 2.210, 1.140, 16.940, 0.224, 0.560, 1.891, 5.540, 4.300, 4.590, 0.000, 32.000, 0.000, 8.000, 31.000, 18.149, 15.302, 2.847, 55.433, 249.990, 987.864, 20.264, 1854.250, 63.768, 536.687, 552.788, 16.000, 0.755, 1520.650, 1.219, 746.320, NULL, NULL, NULL),
(102, 26, 2022, 368, 'Hibrido', 1020, 6.000, 70.400, 5.460, 24.150, 0.050, 2.800, 4.830, 0.240, 21.160, 0.462, 0.440, 1.110, 2.970, 76.570, 86.260, 9.930, 1.290, 19.350, 0.195, 1.380, 2.796, 5.320, 4.400, 4.460, 0.000, 64.000, 0.000, 80.000, 5.500, 13.937, 6.620, 7.317, 50.123, 309.508, 987.864, 20.264, 1854.250, 63.768, 536.697, 552.798, 16.000, 0.755, 1520.650, 1.219, 746.320, NULL, NULL, NULL),
(103, 27, 2022, 79, 'Clon', 1101, 5.600, 69.460, 16.080, 14.470, 0.020, 2.050, 3.540, 0.180, 12.360, 0.051, 0.639, 1.100, 0.590, 47.610, 127.790, 1.380, 1.680, 11.330, 0.195, 0.600, 4.708, 5.280, 4.000, 4.550, 800.000, 64.000, 0.000, 16.000, 0.000, 0.498, 0.498, 0.000, 7.619, 1523.880, 920.614, 19.793, 1854.250, 40.419, 464.112, 478.035, 15.000, 0.694, 1457.110, 1.273, 638.731, NULL, NULL, NULL),
(104, 27, 2022, 79, 'Clon', 1089, 5.600, 77.480, 7.440, 15.080, 0.020, 1.780, 3.080, 0.150, 3.120, 0.097, 0.611, 0.670, 0.590, 39.590, 139.700, 1.350, 1.170, 16.270, 0.167, 0.670, 0.691, 5.330, 3.700, 4.540, 120.000, 16.000, 0.000, 0.000, 0.000, 9.418, 0.277, 9.141, 92.887, 893.354, 920.614, 19.793, 1854.250, 40.419, 464.112, 478.035, 15.000, 0.694, 1457.110, 1.273, 638.731, NULL, NULL, NULL),
(105, 29, 2022, 71, 'Hibrido - Clon', 1126, 6.100, 85.860, 4.440, 9.700, 0.050, 2.480, 4.270, 0.210, 83.400, 0.315, 0.783, 1.000, 1.670, 77.620, 33.580, 3.900, 0.740, 22.410, 0.756, 0.820, 0.723, 5.350, 4.000, 4.520, 40.000, 24.000, 0.000, 40.000, 15.900, 0.698, 0.698, 0.000, 5.060, 719.431, 811.412, 19.454, 1854.250, 49.732, 497.997, 512.937, 11.000, 0.708, 1411.250, 1.314, 574.605, NULL, NULL, NULL),
(106, 29, 2022, 71, 'Hibrido - Clon', 1122, 6.200, 77.750, 3.440, 18.810, 0.040, 2.730, 4.710, 0.240, 62.010, 0.150, 0.632, 1.880, 1.370, 79.740, 58.570, 7.760, 0.550, 20.470, 0.138, 0.870, 2.230, 5.200, 3.700, 3.950, 32.000, 32.000, 0.000, 24.000, 15.900, 1.406, 0.000, 1.406, 7.591, 532.193, 811.412, 19.454, 1854.250, 49.732, 497.997, 512.937, 11.000, 0.708, 1411.250, 1.314, 574.605, NULL, NULL, NULL),
(107, 30, 2022, 71, 'Hibrido - Clon', 1128, 6.200, 73.330, 4.040, 22.630, 0.040, 2.380, 4.100, 0.210, 24.500, 0.271, 0.379, 1.450, 1.460, 78.780, 122.750, 6.120, 0.730, 22.140, 0.195, 0.270, 2.400, 5.130, 3.700, 4.110, 32.000, 8.000, 0.000, 8.000, 0.000, 0.805, 0.000, 0.805, 3.856, 475.010, 811.412, 19.454, 1854.250, 49.732, 498.000, 512.940, 11.000, 0.708, 1411.250, 1.314, 574.605, NULL, NULL, NULL),
(108, 31, 2022, 78, 'Hibrido - Clon', 1040, 6.400, 72.460, 5.350, 22.190, 0.050, 1.790, 3.080, 0.150, 34.250, 0.316, 0.513, 1.100, 1.310, 76.010, 127.470, 9.100, 2.440, 18.090, 0.181, 0.980, 2.242, 5.380, 4.000, 3.700, 0.000, 72.000, 0.000, 0.000, 0.000, 4.771, 0.000, 4.771, 46.130, 920.745, 863.000, 19.793, 1854.250, 40.419, 464.139, 478.064, 10.000, 0.716, 1457.110, 1.273, 617.929, NULL, NULL, NULL),
(109, 32, 2022, 71, 'Hibrido - Clon', 1051, 6.500, 70.430, 6.460, 23.110, 0.030, 1.850, 3.180, 0.160, 80.980, 0.637, 0.415, 1.240, 1.650, 80.790, 144.110, 9.810, 4.770, 20.240, 0.353, 0.730, 0.083, 4.440, 3.810, 3.600, 16.000, 160.000, 0.000, 0.000, 24.333, 2.296, 1.291, 1.004, 15.349, 653.290, 863.017, 19.454, 1854.250, 49.732, 497.989, 512.929, 12.000, 0.706, 1411.250, 1.314, 609.531, NULL, NULL, NULL),
(110, 32, 2022, 71, 'Hibrido - Clon', 1048, 6.500, 67.250, 8.490, 24.260, 0.040, 1.790, 3.090, 0.150, 76.460, 0.522, 0.679, 1.120, 1.620, 80.190, 120.640, 9.230, 3.290, 20.840, 0.138, 0.660, 2.820, 5.340, 4.300, 4.290, 0.000, 48.000, 0.000, 24.000, 0.000, 9.628, 0.875, 8.753, 37.375, 350.817, 863.017, 19.454, 1854.250, 49.732, 497.989, 512.929, 12.000, 0.706, 1411.250, 1.314, 609.531, NULL, NULL, NULL),
(111, 33, 2022, 52, 'Hibrido', 939, 7.100, 86.610, 2.420, 10.980, 0.040, 2.180, 3.760, 0.190, 25.570, 0.832, 0.777, 1.690, 1.530, 78.330, 37.030, 1.680, 0.730, 16.960, 0.088, 1.060, 0.075, 4.720, 3.400, 3.880, 800.000, 104.000, 0.000, 16.000, 28.750, 12.435, 10.363, 2.073, 121.947, 858.711, 863.000, 19.454, 1854.250, 49.732, 497.960, 512.899, 10.000, 0.716, 1411.250, 1.314, 617.929, NULL, NULL, NULL),
(112, 33, 2022, 52, 'Hibrido', 916, 7.100, 85.470, 2.420, 12.110, 0.040, 2.860, 4.920, 0.250, 27.510, 0.824, 0.766, 2.670, 3.880, 78.080, 25.090, 2.210, 0.460, 33.290, 0.067, 1.270, 2.924, 4.630, 3.810, 3.930, 0.000, 88.000, 0.000, 8.000, 28.750, 13.084, 10.748, 2.336, 139.958, 929.723, 863.000, 19.454, 1854.250, 49.732, 497.960, 512.899, 10.000, 0.716, 1411.250, 1.314, 617.929, NULL, NULL, NULL),
(113, 34, 2022, 79, 'Clon', 1084, 6.600, 67.440, 18.090, 14.470, 0.030, 1.400, 2.420, 0.120, 33.210, 0.217, 0.471, 1.370, 1.380, 14.760, 158.470, 1.500, 1.570, 13.660, 0.352, 1.230, 0.097, 4.460, 3.850, 3.480, 128.000, 48.000, 0.000, 0.000, 0.000, 5.731, 4.912, 0.819, 37.110, 610.424, 920.614, 19.793, 1854.250, 40.419, 464.112, 478.035, 15.000, 0.694, 1457.110, 1.273, 638.731, NULL, NULL, NULL),
(114, 36, 2022, 129, 'Clon', 582, 7.000, 76.780, 7.570, 15.650, 0.030, 1.720, 2.970, 0.150, 34.920, 0.641, 0.405, 2.510, 0.630, 77.480, 70.900, 5.440, 2.020, 15.330, 0.108, 1.260, 1.865, 5.230, 4.300, 3.880, 0.000, 64.000, 0.000, 24.000, 15.000, 1.587, 0.454, 1.134, 10.317, 639.650, 920.465, 19.454, 1854.250, 49.732, 497.769, 512.702, 14.000, 0.710, 1411.250, 1.314, 653.279, NULL, NULL, NULL),
(115, 36, 2022, 129, 'Hibrido', 583, 6.900, 63.660, 14.050, 22.290, 0.040, 0.890, 1.540, 0.080, 25.750, 0.415, 0.437, 1.530, 1.820, 74.780, 34.160, 9.860, 3.580, 16.090, 0.212, 1.220, 1.947, 5.330, 4.180, 3.810, 8.000, 16.000, 0.000, 0.000, 28.000, 2.286, 0.762, 1.524, 17.686, 756.085, 920.465, 19.454, 1854.250, 49.732, 497.769, 512.702, 14.000, 0.710, 1411.250, 1.314, 653.279, NULL, NULL, NULL),
(116, 37, 2022, 147, 'Hibrido - Clon', 621, 6.700, 89.430, 3.350, 7.220, 0.040, 2.410, 4.160, 0.210, 85.650, 0.477, 0.400, 1.480, 1.430, 79.720, 15.130, 1.050, 0.310, 15.460, 0.077, 1.760, 1.066, 5.300, 4.000, 3.880, 16.000, 48.000, 0.000, 8.000, 57.700, 16.318, 11.715, 4.603, 30.963, 158.784, 929.233, 19.793, 1854.250, 40.419, 463.905, 477.822, 12.000, 0.717, 1457.110, 1.273, 666.226, NULL, NULL, NULL);

COMMIT;

/*!40101 SET CHARACTER_SET_CLIENT=@OLD_CHARACTER_SET_CLIENT */;
/*!40101 SET CHARACTER_SET_RESULTS=@OLD_CHARACTER_SET_RESULTS */;
/*!40101 SET COLLATION_CONNECTION=@OLD_COLLATION_CONNECTION */;
